update,num_orgs
0,400
10,400
20,400
30,400
40,400
50,400
60,400
70,400
80,400
90,400
100,400
110,400
120,400
130,400
140,400
150,400
160,400
170,400
180,400
190,400
200,400
210,400
220,400
230,400
240,400
250,400
260,400
270,400
280,400
290,400
300,400
310,400
320,400
330,400
340,400
350,400
360,400
370,400
380,400
390,400
400,400
410,400
420,400
430,400
440,400
450,400
460,400
470,400
480,400
490,400
500,400
510,400
520,400
530,400
540,400
550,400
560,400
570,400
580,400
590,400
600,400
610,400
620,400
630,400
640,400
650,400
660,400
670,400
680,400
690,400
700,400
710,400
720,400
730,400
740,400
750,400
760,400
770,400
780,400
790,400
800,400
810,400
820,400
830,400
840,400
850,400
860,400
870,400
880,400
890,400
900,400
910,400
920,400
930,400
940,400
950,400
960,400
970,400
980,400
990,400
1000,400
1010,400
1020,400
1030,400
1040,400
1050,400
1060,400
1070,400
1080,400
1090,400
1100,400
1110,400
1120,400
1130,400
1140,400
1150,400
1160,400
1170,400
1180,400
1190,400
1200,400
1210,400
1220,400
1230,400
1240,400
1250,400
1260,400
1270,400
1280,400
1290,400
1300,400
1310,400
1320,400
1330,400
1340,400
1350,400
1360,400
1370,400
1380,400
1390,400
1400,400
1410,400
1420,400
1430,400
1440,400
1450,400
1460,400
1470,400
1480,400
1490,400
1500,400
1510,400
1520,400
1530,400
1540,400
1550,400
1560,400
1570,400
1580,400
1590,400
1600,400
1610,400
1620,400
1630,400
1640,400
1650,400
1660,400
1670,400
1680,400
1690,400
1700,400
1710,400
1720,400
1730,400
1740,400
1750,400
1760,400
1770,400
1780,400
1790,400
1800,400
1810,400
1820,400
1830,400
1840,400
1850,400
1860,400
1870,400
1880,400
1890,400
1900,400
1910,400
1920,400
1930,400
1940,400
1950,400
1960,400
1970,400
1980,400
1990,400
2000,400
2010,400
2020,400
2030,400
2040,400
2050,400
2060,400
2070,400
2080,400
2090,400
2100,400
2110,400
2120,400
2130,400
2140,400
2150,400
2160,400
2170,400
2180,400
2190,400
2200,400
2210,400
2220,400
2230,400
2240,400
2250,400
2260,400
2270,400
2280,400
2290,400
2300,400
2310,400
2320,400
2330,400
2340,400
2350,400
2360,400
2370,400
2380,400
2390,400
2400,400
2410,400
2420,400
2430,400
2440,400
2450,400
2460,400
2470,400
2480,400
2490,400
2500,400
2510,400
2520,400
2530,400
2540,400
2550,400
2560,400
2570,400
2580,400
2590,400
2600,400
2610,400
2620,400
2630,400
2640,400
2650,400
2660,400
2670,400
2680,400
2690,400
2700,400
2710,400
2720,400
2730,400
2740,400
2750,400
2760,400
2770,400
2780,400
2790,400
2800,400
2810,400
2820,400
2830,400
2840,400
2850,400
2860,400
2870,400
2880,400
2890,400
2900,400
2910,400
2920,400
2930,400
2940,400
2950,400
2960,400
2970,400
2980,400
2990,400
3000,400
3010,400
3020,400
3030,400
3040,400
3050,400
3060,400
3070,400
3080,400
3090,400
3100,400
3110,400
3120,400
3130,400
3140,400
3150,400
3160,400
3170,400
3180,400
3190,400
3200,400
3210,400
3220,400
3230,400
3240,400
3250,400
3260,400
3270,400
3280,400
3290,400
3300,400
3310,400
3320,400
3330,400
3340,400
3350,400
3360,400
3370,400
3380,400
3390,400
3400,400
3410,400
3420,400
3430,400
3440,400
3450,400
3460,400
3470,400
3480,400
3490,400
3500,400
3510,400
3520,400
3530,400
3540,400
3550,400
3560,400
3570,400
3580,400
3590,400
3600,400
3610,400
3620,400
3630,400
3640,400
3650,400
3660,400
3670,400
3680,400
3690,400
3700,400
3710,400
3720,400
3730,400
3740,400
3750,400
3760,400
3770,400
3780,400
3790,400
3800,400
3810,400
3820,400
3830,400
3840,400
3850,400
3860,400
3870,400
3880,400
3890,400
3900,400
3910,400
3920,400
3930,400
3940,400
3950,400
3960,400
3970,400
3980,400
3990,400
4000,400
4010,400
4020,400
4030,400
4040,400
4050,400
4060,400
4070,400
4080,400
4090,400
4100,400
4110,400
4120,400
4130,400
4140,400
4150,400
4160,400
4170,400
4180,400
4190,400
4200,400
4210,400
4220,400
4230,400
4240,400
4250,400
4260,400
4270,400
4280,400
4290,400
4300,400
4310,400
4320,400
4330,400
4340,400
4350,400
4360,400
4370,400
4380,400
4390,400
4400,400
4410,400
4420,400
4430,400
4440,400
4450,400
4460,400
4470,400
4480,400
4490,400
4500,400
4510,400
4520,400
4530,400
4540,400
4550,400
4560,400
4570,400
4580,400
4590,400
4600,400
4610,400
4620,400
4630,400
4640,400
4650,400
4660,400
4670,400
4680,400
4690,400
4700,400
4710,400
4720,400
4730,400
4740,400
4750,400
4760,400
4770,400
4780,400
4790,400
4800,400
4810,400
4820,400
4830,400
4840,400
4850,400
4860,400
4870,400
4880,400
4890,400
4900,400
4910,400
4920,400
4930,400
4940,400
4950,400
4960,400
4970,400
4980,400
4990,400
5000,400
5010,400
5020,400
5030,400
5040,400
5050,400
5060,400
5070,400
5080,400
5090,400
5100,400
5110,400
5120,400
5130,400
5140,400
5150,400
5160,400
5170,400
5180,400
5190,400
5200,400
5210,400
5220,400
5230,400
5240,400
5250,400
5260,400
5270,400
5280,400
5290,400
5300,400
5310,400
5320,400
5330,400
5340,400
5350,400
5360,400
5370,400
5380,400
5390,400
5400,400
5410,400
5420,400
5430,400
5440,400
5450,400
5460,400
5470,400
5480,400
5490,400
5500,400
5510,400
5520,400
5530,400
5540,400
5550,400
5560,400
5570,400
5580,400
5590,400
5600,400
5610,400
5620,400
5630,400
5640,400
5650,400
5660,400
5670,400
5680,400
5690,400
5700,400
5710,400
5720,400
5730,400
5740,400
5750,400
5760,400
5770,400
5780,400
5790,400
5800,400
5810,400
5820,400
5830,400
5840,400
5850,400
5860,400
5870,400
5880,400
5890,400
5900,400
5910,400
5920,400
5930,400
5940,400
5950,400
5960,400
5970,400
5980,400
5990,400
6000,400
6010,400
6020,400
6030,400
6040,400
6050,400
6060,400
6070,400
6080,400
6090,400
6100,400
6110,400
6120,400
6130,400
6140,400
6150,400
6160,400
6170,400
6180,400
6190,400
6200,400
6210,400
6220,400
6230,400
6240,400
6250,400
6260,400
6270,400
6280,400
6290,400
6300,400
6310,400
6320,400
6330,400
6340,400
6350,400
6360,400
6370,400
6380,400
6390,400
6400,400
6410,400
6420,400
6430,400
6440,400
6450,400
6460,400
6470,400
6480,400
6490,400
6500,400
6510,400
6520,400
6530,400
6540,400
6550,400
6560,400
6570,400
6580,400
6590,400
6600,400
6610,400
6620,400
6630,400
6640,400
6650,400
6660,400
6670,400
6680,400
6690,400
6700,400
6710,400
6720,400
6730,400
6740,400
6750,400
6760,400
6770,400
6780,400
6790,400
6800,400
6810,400
6820,400
6830,400
6840,400
6850,400
6860,400
6870,400
6880,400
6890,400
6900,400
6910,400
6920,400
6930,400
6940,400
6950,400
6960,400
6970,400
6980,400
6990,400
7000,400
7010,400
7020,400
7030,400
7040,400
7050,400
7060,400
7070,400
7080,400
7090,400
7100,400
7110,400
7120,400
7130,400
7140,400
7150,400
7160,400
7170,400
7180,400
7190,400
7200,400
7210,400
7220,400
7230,400
7240,400
7250,400
7260,400
7270,400
7280,400
7290,400
7300,400
7310,400
7320,400
7330,400
7340,400
7350,400
7360,400
7370,400
7380,400
7390,400
7400,400
7410,400
7420,400
7430,400
7440,400
7450,400
7460,400
7470,400
7480,400
7490,400
7500,400
7510,400
7520,400
7530,400
7540,400
7550,400
7560,400
7570,400
7580,400
7590,400
7600,400
7610,400
7620,400
7630,400
7640,400
7650,400
7660,400
7670,400
7680,400
7690,400
7700,400
7710,400
7720,400
7730,400
7740,400
7750,400
7760,400
7770,400
7780,400
7790,400
7800,400
7810,400
7820,400
7830,400
7840,400
7850,400
7860,400
7870,400
7880,400
7890,400
7900,400
7910,400
7920,400
7930,400
7940,400
7950,400
7960,400
7970,400
7980,400
7990,400
8000,400
8010,400
8020,400
8030,400
8040,400
8050,400
8060,400
8070,400
8080,400
8090,400
8100,400
8110,400
8120,400
8130,400
8140,400
8150,400
8160,400
8170,400
8180,400
8190,400
8200,400
8210,400
8220,400
8230,400
8240,400
8250,400
8260,400
8270,400
8280,400
8290,400
8300,400
8310,400
8320,400
8330,400
8340,400
8350,400
8360,400
8370,400
8380,400
8390,400
8400,400
8410,400
8420,400
8430,400
8440,400
8450,400
8460,400
8470,400
8480,400
8490,400
8500,400
8510,400
8520,400
8530,400
8540,400
8550,400
8560,400
8570,400
8580,400
8590,400
8600,400
8610,400
8620,400
8630,400
8640,400
8650,400
8660,400
8670,400
8680,400
8690,400
8700,400
8710,400
8720,400
8730,400
8740,400
8750,400
8760,400
8770,400
8780,400
8790,400
8800,400
8810,400
8820,400
8830,400
8840,400
8850,400
8860,400
8870,400
8880,400
8890,400
8900,400
8910,400
8920,400
8930,400
8940,400
8950,400
8960,400
8970,400
8980,400
8990,400
9000,400
9010,400
9020,400
9030,400
9040,400
9050,400
9060,400
9070,400
9080,400
9090,400
9100,400
9110,400
9120,400
9130,400
9140,400
9150,400
9160,400
9170,400
9180,400
9190,400
9200,400
9210,400
9220,400
9230,400
9240,400
9250,400
9260,400
9270,400
9280,400
9290,400
9300,400
9310,400
9320,400
9330,400
9340,400
9350,400
9360,400
9370,400
9380,400
9390,400
9400,400
9410,400
9420,400
9430,400
9440,400
9450,400
9460,400
9470,400
9480,400
9490,400
9500,400
9510,400
9520,400
9530,400
9540,400
9550,400
9560,400
9570,400
9580,400
9590,400
9600,400
9610,400
9620,400
9630,400
9640,400
9650,400
9660,400
9670,400
9680,400
9690,400
9700,400
9710,400
9720,400
9730,400
9740,400
9750,400
9760,400
9770,400
9780,400
9790,400
9800,400
9810,400
9820,400
9830,400
9840,400
9850,400
9860,400
9870,400
9880,400
9890,400
9900,400
9910,400
9920,400
9930,400
9940,400
9950,400
9960,400
9970,400
9980,400
9990,400
10000,400
10010,400
10020,400
10030,400
10040,400
10050,400
10060,400
10070,400
10080,400
10090,400
10100,400
10110,400
10120,400
10130,400
10140,400
10150,400
10160,400
10170,400
10180,400
10190,400
10200,400
10210,400
10220,400
10230,400
10240,400
10250,400
10260,400
10270,400
10280,400
10290,400
10300,400
10310,400
10320,400
10330,400
10340,400
10350,400
10360,400
10370,400
10380,400
10390,400
10400,400
10410,400
10420,400
10430,400
10440,400
10450,400
10460,400
10470,400
10480,400
10490,400
10500,400
10510,400
10520,400
10530,400
10540,400
10550,400
10560,400
10570,400
10580,400
10590,400
10600,400
10610,400
10620,400
10630,400
10640,400
10650,400
10660,400
10670,400
10680,400
10690,400
10700,400
10710,400
10720,400
10730,400
10740,400
10750,400
10760,400
10770,400
10780,400
10790,400
10800,400
10810,400
10820,400
10830,400
10840,400
10850,400
10860,400
10870,400
10880,400
10890,400
10900,400
10910,400
10920,400
10930,400
10940,400
10950,400
10960,400
10970,400
10980,400
10990,400
11000,400
11010,400
11020,400
11030,400
11040,400
11050,400
11060,400
11070,400
11080,400
11090,400
11100,400
11110,400
11120,400
11130,400
11140,400
11150,400
11160,400
11170,400
11180,400
11190,400
11200,400
11210,400
11220,400
11230,400
11240,400
11250,400
11260,400
11270,400
11280,400
11290,400
11300,400
11310,400
11320,400
11330,400
11340,400
11350,400
11360,400
11370,400
11380,400
11390,400
11400,400
11410,400
11420,400
11430,400
11440,400
11450,400
11460,400
11470,400
11480,400
11490,400
11500,400
11510,400
11520,400
11530,400
11540,400
11550,400
11560,400
11570,400
11580,400
11590,400
11600,400
11610,400
11620,400
11630,400
11640,400
11650,400
11660,400
11670,400
11680,400
11690,400
11700,400
11710,400
11720,400
11730,400
11740,400
11750,400
11760,400
11770,400
11780,400
11790,400
11800,400
11810,400
11820,400
11830,400
11840,400
11850,400
11860,400
11870,400
11880,400
11890,400
11900,400
11910,400
11920,400
11930,400
11940,400
11950,400
11960,400
11970,400
11980,400
11990,400
12000,400
12010,400
12020,400
12030,400
12040,400
12050,400
12060,400
12070,400
12080,400
12090,400
12100,400
12110,400
12120,400
12130,400
12140,400
12150,400
12160,400
12170,400
12180,400
12190,400
12200,400
12210,400
12220,400
12230,400
12240,400
12250,400
12260,400
12270,400
12280,400
12290,400
12300,400
12310,400
12320,400
12330,400
12340,400
12350,400
12360,400
12370,400
12380,400
12390,400
12400,400
12410,400
12420,400
12430,400
12440,400
12450,400
12460,400
12470,400
12480,400
12490,400
12500,400
12510,400
12520,400
12530,400
12540,400
12550,400
12560,400
12570,400
12580,400
12590,400
12600,400
12610,400
12620,400
12630,400
12640,400
12650,400
12660,400
12670,400
12680,400
12690,400
12700,400
12710,400
12720,400
12730,400
12740,400
12750,400
12760,400
12770,400
12780,400
12790,400
12800,400
12810,400
12820,400
12830,400
12840,400
12850,400
12860,400
12870,400
12880,400
12890,400
12900,400
12910,400
12920,400
12930,400
12940,400
12950,400
12960,400
12970,400
12980,400
12990,400
13000,400
13010,400
13020,400
13030,400
13040,400
13050,400
13060,400
13070,400
13080,400
13090,400
13100,400
13110,400
13120,400
13130,400
13140,400
13150,400
13160,400
13170,400
13180,400
13190,400
13200,400
13210,400
13220,400
13230,400
13240,400
13250,400
13260,400
13270,400
13280,400
13290,400
13300,400
13310,400
13320,400
13330,400
13340,400
13350,400
13360,400
13370,400
13380,400
13390,400
13400,400
13410,400
13420,400
13430,400
13440,400
13450,400
13460,400
13470,400
13480,400
13490,400
13500,400
13510,400
13520,400
13530,400
13540,400
13550,400
13560,400
13570,400
13580,400
13590,400
13600,400
13610,400
13620,400
13630,400
13640,400
13650,400
13660,400
13670,400
13680,400
13690,400
13700,400
13710,400
13720,400
13730,400
13740,400
13750,400
13760,400
13770,400
13780,400
13790,400
13800,400
13810,400
13820,400
13830,400
13840,400
13850,400
13860,400
13870,400
13880,400
13890,400
13900,400
13910,400
13920,400
13930,400
13940,400
13950,400
13960,400
13970,400
13980,400
13990,400
14000,400
14010,400
14020,400
14030,400
14040,400
14050,400
14060,400
14070,400
14080,400
14090,400
14100,400
14110,400
14120,400
14130,400
14140,400
14150,400
14160,400
14170,400
14180,400
14190,400
14200,400
14210,400
14220,400
14230,400
14240,400
14250,400
14260,400
14270,400
14280,400
14290,400
14300,400
14310,400
14320,400
14330,400
14340,400
14350,400
14360,400
14370,400
14380,400
14390,400
14400,400
14410,400
14420,400
14430,400
14440,400
14450,400
14460,400
14470,400
14480,400
14490,400
14500,400
14510,400
14520,400
14530,400
14540,400
14550,400
14560,400
14570,400
14580,400
14590,400
14600,400
14610,400
14620,400
14630,400
14640,400
14650,400
14660,400
14670,400
14680,400
14690,400
14700,400
14710,400
14720,400
14730,400
14740,400
14750,400
14760,400
14770,400
14780,400
14790,400
14800,400
14810,400
14820,400
14830,400
14840,400
14850,400
14860,400
14870,400
14880,400
14890,400
14900,400
14910,400
14920,400
14930,400
14940,400
14950,400
14960,400
14970,400
14980,400
14990,400
15000,400
15010,400
15020,400
15030,400
15040,400
15050,400
15060,400
15070,400
15080,400
15090,400
15100,400
15110,400
15120,400
15130,400
15140,400
15150,400
15160,400
15170,400
15180,400
15190,400
15200,400
15210,400
15220,400
15230,400
15240,400
15250,400
15260,400
15270,400
15280,400
15290,400
15300,400
15310,400
15320,400
15330,400
15340,400
15350,400
15360,400
15370,400
15380,400
15390,400
15400,400
15410,400
15420,400
15430,400
15440,400
15450,400
15460,400
15470,400
15480,400
15490,400
15500,400
15510,400
15520,400
15530,400
15540,400
15550,400
15560,400
15570,400
15580,400
15590,400
15600,400
15610,400
15620,400
15630,400
15640,400
15650,400
15660,400
15670,400
15680,400
15690,400
15700,400
15710,400
15720,400
15730,400
15740,400
15750,400
15760,400
15770,400
15780,400
15790,400
15800,400
15810,400
15820,400
15830,400
15840,400
15850,400
15860,400
15870,400
15880,400
15890,400
15900,400
15910,400
15920,400
15930,400
15940,400
15950,400
15960,400
15970,400
15980,400
15990,400
16000,400
16010,400
16020,400
16030,400
16040,400
16050,400
16060,400
16070,400
16080,400
16090,400
16100,400
16110,400
16120,400
16130,400
16140,400
16150,400
16160,400
16170,400
16180,400
16190,400
16200,400
16210,400
16220,400
16230,400
16240,400
16250,400
16260,400
16270,400
16280,400
16290,400
16300,400
16310,400
16320,400
16330,400
16340,400
16350,400
16360,400
16370,400
16380,400
16390,400
16400,400
16410,400
16420,400
16430,400
16440,400
16450,400
16460,400
16470,400
16480,400
16490,400
16500,400
16510,400
16520,400
16530,400
16540,400
16550,400
16560,400
16570,400
16580,400
16590,400
16600,400
16610,400
16620,400
16630,400
16640,400
16650,400
16660,400
16670,400
16680,400
16690,400
16700,400
16710,400
16720,400
16730,400
16740,400
16750,400
16760,400
16770,400
16780,400
16790,400
16800,400
16810,400
16820,400
16830,400
16840,400
16850,400
16860,400
16870,400
16880,400
16890,400
16900,400
16910,400
16920,400
16930,400
16940,400
16950,400
16960,400
16970,400
16980,400
16990,400
17000,400
17010,400
17020,400
17030,400
17040,400
17050,400
17060,400
17070,400
17080,400
17090,400
17100,400
17110,400
17120,400
17130,400
17140,400
17150,400
17160,400
17170,400
17180,400
17190,400
17200,400
17210,400
17220,400
17230,400
17240,400
17250,400
17260,400
17270,400
17280,400
17290,400
17300,400
17310,400
17320,400
17330,400
17340,400
17350,400
17360,400
17370,400
17380,400
17390,400
17400,400
17410,400
17420,400
17430,400
17440,400
17450,400
17460,400
17470,400
17480,400
17490,400
17500,400
17510,400
17520,400
17530,400
17540,400
17550,400
17560,400
17570,400
17580,400
17590,400
17600,400
17610,400
17620,400
17630,400
17640,400
17650,400
17660,400
17670,400
17680,400
17690,400
17700,400
17710,400
17720,400
17730,400
17740,400
17750,400
17760,400
17770,400
17780,400
17790,400
17800,400
17810,400
17820,400
17830,400
17840,400
17850,400
17860,400
17870,400
17880,400
17890,400
17900,400
17910,400
17920,400
17930,400
17940,400
17950,400
17960,400
17970,400
17980,400
17990,400
18000,400
18010,400
18020,400
18030,400
18040,400
18050,400
18060,400
18070,400
18080,400
18090,400
18100,400
18110,400
18120,400
18130,400
18140,400
18150,400
18160,400
18170,400
18180,400
18190,400
18200,400
18210,400
18220,400
18230,400
18240,400
18250,400
18260,400
18270,400
18280,400
18290,400
18300,400
18310,400
18320,400
18330,400
18340,400
18350,400
18360,400
18370,400
18380,400
18390,400
18400,400
18410,400
18420,400
18430,400
18440,400
18450,400
18460,400
18470,400
18480,400
18490,400
18500,400
18510,400
18520,400
18530,400
18540,400
18550,400
18560,400
18570,400
18580,400
18590,400
18600,400
18610,400
18620,400
18630,400
18640,400
18650,400
18660,400
18670,400
18680,400
18690,400
18700,400
18710,400
18720,400
18730,400
18740,400
18750,400
18760,400
18770,400
18780,400
18790,400
18800,400
18810,400
18820,400
18830,400
18840,400
18850,400
18860,400
18870,400
18880,400
18890,400
18900,400
18910,400
18920,400
18930,400
18940,400
18950,400
18960,400
18970,400
18980,400
18990,400
19000,400
19010,400
19020,400
19030,400
19040,400
19050,400
19060,400
19070,400
19080,400
19090,400
19100,400
19110,400
19120,400
19130,400
19140,400
19150,400
19160,400
19170,400
19180,400
19190,400
19200,400
19210,400
19220,400
19230,400
19240,400
19250,400
19260,400
19270,400
19280,400
19290,400
19300,400
19310,400
19320,400
19330,400
19340,400
19350,400
19360,400
19370,400
19380,400
19390,400
19400,400
19410,400
19420,400
19430,400
19440,400
19450,400
19460,400
19470,400
19480,400
19490,400
19500,400
19510,400
19520,400
19530,400
19540,400
19550,400
19560,400
19570,400
19580,400
19590,400
19600,400
19610,400
19620,400
19630,400
19640,400
19650,400
19660,400
19670,400
19680,400
19690,400
19700,400
19710,400
19720,400
19730,400
19740,400
19750,400
19760,400
19770,400
19780,400
19790,400
19800,400
19810,400
19820,400
19830,400
19840,400
19850,400
19860,400
19870,400
19880,400
19890,400
19900,400
19910,400
19920,400
19930,400
19940,400
19950,400
19960,400
19970,400
19980,400
19990,400
20000,400
20010,400
20020,400
20030,400
20040,400
20050,400
20060,400
20070,400
20080,400
20090,400
20100,400
20110,400
20120,400
20130,400
20140,400
20150,400
20160,400
20170,400
20180,400
20190,400
20200,400
20210,400
20220,400
20230,400
20240,400
20250,400
20260,400
20270,400
20280,400
20290,400
20300,400
20310,400
20320,400
20330,400
20340,400
20350,400
20360,400
20370,400
20380,400
20390,400
20400,400
20410,400
20420,400
20430,400
20440,400
20450,400
20460,400
20470,400
20480,400
20490,400
20500,400
20510,400
20520,400
20530,400
20540,400
20550,400
20560,400
20570,400
20580,400
20590,400
20600,400
20610,400
20620,400
20630,400
20640,400
20650,400
20660,400
20670,400
20680,400
20690,400
20700,400
20710,400
20720,400
20730,400
20740,400
20750,400
20760,400
20770,400
20780,400
20790,400
20800,400
20810,400
20820,400
20830,400
20840,400
20850,400
20860,400
20870,400
20880,400
20890,400
20900,400
20910,400
20920,400
20930,400
20940,400
20950,400
20960,400
20970,400
20980,400
20990,400
21000,400
21010,400
21020,400
21030,400
21040,400
21050,400
21060,400
21070,400
21080,400
21090,400
21100,400
21110,400
21120,400
21130,400
21140,400
21150,400
21160,400
21170,400
21180,400
21190,400
21200,400
21210,400
21220,400
21230,400
21240,400
21250,400
21260,400
21270,400
21280,400
21290,400
21300,400
21310,400
21320,400
21330,400
21340,400
21350,400
21360,400
21370,400
21380,400
21390,400
21400,400
21410,400
21420,400
21430,400
21440,400
21450,400
21460,400
21470,400
21480,400
21490,400
21500,400
21510,400
21520,400
21530,400
21540,400
21550,400
21560,400
21570,400
21580,400
21590,400
21600,400
21610,400
21620,400
21630,400
21640,400
21650,400
21660,400
21670,400
21680,400
21690,400
21700,400
21710,400
21720,400
21730,400
21740,400
21750,400
21760,400
21770,400
21780,400
21790,400
21800,400
21810,400
21820,400
21830,400
21840,400
21850,400
21860,400
21870,400
21880,400
21890,400
21900,400
21910,400
21920,400
21930,400
21940,400
21950,400
21960,400
21970,400
21980,400
21990,400
22000,400
22010,400
22020,400
22030,400
22040,400
22050,400
22060,400
22070,400
22080,400
22090,400
22100,400
22110,400
22120,400
22130,400
22140,400
22150,400
22160,400
22170,400
22180,400
22190,400
22200,400
22210,400
22220,400
22230,400
22240,400
22250,400
22260,400
22270,400
22280,400
22290,400
22300,400
22310,400
22320,400
22330,400
22340,400
22350,400
22360,400
22370,400
22380,400
22390,400
22400,400
22410,400
22420,400
22430,400
22440,400
22450,400
22460,400
22470,400
22480,400
22490,400
22500,400
22510,400
22520,400
22530,400
22540,400
22550,400
22560,400
22570,400
22580,400
22590,400
22600,400
22610,400
22620,400
22630,400
22640,400
22650,400
22660,400
22670,400
22680,400
22690,400
22700,400
22710,400
22720,400
22730,400
22740,400
22750,400
22760,400
22770,400
22780,400
22790,400
22800,400
22810,400
22820,400
22830,400
22840,400
22850,400
22860,400
22870,400
22880,400
22890,400
22900,400
22910,400
22920,400
22930,400
22940,400
22950,400
22960,400
22970,400
22980,400
22990,400
23000,400
23010,400
23020,400
23030,400
23040,400
23050,400
23060,400
23070,400
23080,400
23090,400
23100,400
23110,400
23120,400
23130,400
23140,400
23150,400
23160,400
23170,400
23180,400
23190,400
23200,400
23210,400
23220,400
23230,400
23240,400
23250,400
23260,400
23270,400
23280,400
23290,400
23300,400
23310,400
23320,400
23330,400
23340,400
23350,400
23360,400
23370,400
23380,400
23390,400
23400,400
23410,400
23420,400
23430,400
23440,400
23450,400
23460,400
23470,400
23480,400
23490,400
23500,400
23510,400
23520,400
23530,400
23540,400
23550,400
23560,400
23570,400
23580,400
23590,400
23600,400
23610,400
23620,400
23630,400
23640,400
23650,400
23660,400
23670,400
23680,400
23690,400
23700,400
23710,400
23720,400
23730,400
23740,400
23750,400
23760,400
23770,400
23780,400
23790,400
23800,400
23810,400
23820,400
23830,400
23840,400
23850,400
23860,400
23870,400
23880,400
23890,400
23900,400
23910,400
23920,400
23930,400
23940,400
23950,400
23960,400
23970,400
23980,400
23990,400
24000,400
24010,400
24020,400
24030,400
24040,400
24050,400
24060,400
24070,400
24080,400
24090,400
24100,400
24110,400
24120,400
24130,400
24140,400
24150,400
24160,400
24170,400
24180,400
24190,400
24200,400
24210,400
24220,400
24230,400
24240,400
24250,400
24260,400
24270,400
24280,400
24290,400
24300,400
24310,400
24320,400
24330,400
24340,400
24350,400
24360,400
24370,400
24380,400
24390,400
24400,400
24410,400
24420,400
24430,400
24440,400
24450,400
24460,400
24470,400
24480,400
24490,400
24500,400
24510,400
24520,400
24530,400
24540,400
24550,400
24560,400
24570,400
24580,400
24590,400
24600,400
24610,400
24620,400
24630,400
24640,400
24650,400
24660,400
24670,400
24680,400
24690,400
24700,400
24710,400
24720,400
24730,400
24740,400
24750,400
24760,400
24770,400
24780,400
24790,400
24800,400
24810,400
24820,400
24830,400
24840,400
24850,400
24860,400
24870,400
24880,400
24890,400
24900,400
24910,400
24920,400
24930,400
24940,400
24950,400
24960,400
24970,400
24980,400
24990,400
25000,400
25010,400
25020,400
25030,400
25040,400
25050,400
25060,400
25070,400
25080,400
25090,400
25100,400
25110,400
25120,400
25130,400
25140,400
25150,400
25160,400
25170,400
25180,400
25190,400
25200,400
25210,400
25220,400
25230,400
25240,400
25250,400
25260,400
25270,400
25280,400
25290,400
25300,400
25310,400
25320,400
25330,400
25340,400
25350,400
25360,400
25370,400
25380,400
25390,400
25400,400
25410,400
25420,400
25430,400
25440,400
25450,400
25460,400
25470,400
25480,400
25490,400
25500,400
25510,400
25520,400
25530,400
25540,400
25550,400
25560,400
25570,400
25580,400
25590,400
25600,400
25610,400
25620,400
25630,400
25640,400
25650,400
25660,400
25670,400
25680,400
25690,400
25700,400
25710,400
25720,400
25730,400
25740,400
25750,400
25760,400
25770,400
25780,400
25790,400
25800,400
25810,400
25820,400
25830,400
25840,400
25850,400
25860,400
25870,400
25880,400
25890,400
25900,400
25910,400
25920,400
25930,400
25940,400
25950,400
25960,400
25970,400
25980,400
25990,400
26000,400
26010,400
26020,400
26030,400
26040,400
26050,400
26060,400
26070,400
26080,400
26090,400
26100,400
26110,400
26120,400
26130,400
26140,400
26150,400
26160,400
26170,400
26180,400
26190,400
26200,400
26210,400
26220,400
26230,400
26240,400
26250,400
26260,400
26270,400
26280,400
26290,400
26300,400
26310,400
26320,400
26330,400
26340,400
26350,400
26360,400
26370,400
26380,400
26390,400
26400,400
26410,400
26420,400
26430,400
26440,400
26450,400
26460,400
26470,400
26480,400
26490,400
26500,400
26510,400
26520,400
26530,400
26540,400
26550,400
26560,400
26570,400
26580,400
26590,400
26600,400
26610,400
26620,400
26630,400
26640,400
26650,400
26660,400
26670,400
26680,400
26690,400
26700,400
26710,400
26720,400
26730,400
26740,400
26750,400
26760,400
26770,400
26780,400
26790,400
26800,400
26810,400
26820,400
26830,400
26840,400
26850,400
26860,400
26870,400
26880,400
26890,400
26900,400
26910,400
26920,400
26930,400
26940,400
26950,400
26960,400
26970,400
26980,400
26990,400
27000,400
27010,400
27020,400
27030,400
27040,400
27050,400
27060,400
27070,400
27080,400
27090,400
27100,400
27110,400
27120,400
27130,400
27140,400
27150,400
27160,400
27170,400
27180,400
27190,400
27200,400
27210,400
27220,400
27230,400
27240,400
27250,400
27260,400
27270,400
27280,400
27290,400
27300,400
27310,400
27320,400
27330,400
27340,400
27350,400
27360,400
27370,400
27380,400
27390,400
27400,400
27410,400
27420,400
27430,400
27440,400
27450,400
27460,400
27470,400
27480,400
27490,400
27500,400
27510,400
27520,400
27530,400
27540,400
27550,400
27560,400
27570,400
27580,400
27590,400
27600,400
27610,400
27620,400
27630,400
27640,400
27650,400
27660,400
27670,400
27680,400
27690,400
27700,400
27710,400
27720,400
27730,400
27740,400
27750,400
27760,400
27770,400
27780,400
27790,400
27800,400
27810,400
27820,400
27830,400
27840,400
27850,400
27860,400
27870,400
27880,400
27890,400
27900,400
27910,400
27920,400
27930,400
27940,400
27950,400
27960,400
27970,400
27980,400
27990,400
28000,400
28010,400
28020,400
28030,400
28040,400
28050,400
28060,400
28070,400
28080,400
28090,400
28100,400
28110,400
28120,400
28130,400
28140,400
28150,400
28160,400
28170,400
28180,400
28190,400
28200,400
28210,400
28220,400
28230,400
28240,400
28250,400
28260,400
28270,400
28280,400
28290,400
28300,400
28310,400
28320,400
28330,400
28340,400
28350,400
28360,400
28370,400
28380,400
28390,400
28400,400
28410,400
28420,400
28430,400
28440,400
28450,400
28460,400
28470,400
28480,400
28490,400
28500,400
28510,400
28520,400
28530,400
28540,400
28550,400
28560,400
28570,400
28580,400
28590,400
28600,400
28610,400
28620,400
28630,400
28640,400
28650,400
28660,400
28670,400
28680,400
28690,400
28700,400
28710,400
28720,400
28730,400
28740,400
28750,400
28760,400
28770,400
28780,400
28790,400
28800,400
28810,400
28820,400
28830,400
28840,400
28850,400
28860,400
28870,400
28880,400
28890,400
28900,400
28910,400
28920,400
28930,400
28940,400
28950,400
28960,400
28970,400
28980,400
28990,400
29000,400
29010,400
29020,400
29030,400
29040,400
29050,400
29060,400
29070,400
29080,400
29090,400
29100,400
29110,400
29120,400
29130,400
29140,400
29150,400
29160,400
29170,400
29180,400
29190,400
29200,400
29210,400
29220,400
29230,400
29240,400
29250,400
29260,400
29270,400
29280,400
29290,400
29300,400
29310,400
29320,400
29330,400
29340,400
29350,400
29360,400
29370,400
29380,400
29390,400
29400,400
29410,400
29420,400
29430,400
29440,400
29450,400
29460,400
29470,400
29480,400
29490,400
29500,400
29510,400
29520,400
29530,400
29540,400
29550,400
29560,400
29570,400
29580,400
29590,400
29600,400
29610,400
29620,400
29630,400
29640,400
29650,400
29660,400
29670,400
29680,400
29690,400
29700,400
29710,400
29720,400
29730,400
29740,400
29750,400
29760,400
29770,400
29780,400
29790,400
29800,400
29810,400
29820,400
29830,400
29840,400
29850,400
29860,400
29870,400
29880,400
29890,400
29900,400
29910,400
29920,400
29930,400
29940,400
29950,400
29960,400
29970,400
29980,400
29990,400
30000,400
30010,400
30020,400
30030,400
30040,400
30050,400
30060,400
30070,400
30080,400
30090,400
30100,400
30110,400
30120,400
30130,400
30140,400
30150,400
30160,400
30170,400
30180,400
30190,400
30200,400
30210,400
30220,400
30230,400
30240,400
30250,400
30260,400
30270,400
30280,400
30290,400
30300,400
30310,400
30320,400
30330,400
30340,400
30350,400
30360,400
30370,400
30380,400
30390,400
30400,400
30410,400
30420,400
30430,400
30440,400
30450,400
30460,400
30470,400
30480,400
30490,400
30500,400
30510,400
30520,400
30530,400
30540,400
30550,400
30560,400
30570,400
30580,400
30590,400
30600,400
30610,400
30620,400
30630,400
30640,400
30650,400
30660,400
30670,400
30680,400
30690,400
30700,400
30710,400
30720,400
30730,400
30740,400
30750,400
30760,400
30770,400
30780,400
30790,400
30800,400
30810,400
30820,400
30830,400
30840,400
30850,400
30860,400
30870,400
30880,400
30890,400
30900,400
30910,400
30920,400
30930,400
30940,400
30950,400
30960,400
30970,400
30980,400
30990,400
31000,400
31010,400
31020,400
31030,400
31040,400
31050,400
31060,400
31070,400
31080,400
31090,400
31100,400
31110,400
31120,400
31130,400
31140,400
31150,400
31160,400
31170,400
31180,400
31190,400
31200,400
31210,400
31220,400
31230,400
31240,400
31250,400
31260,400
31270,400
31280,400
31290,400
31300,400
31310,400
31320,400
31330,400
31340,400
31350,400
31360,400
31370,400
31380,400
31390,400
31400,400
31410,400
31420,400
31430,400
31440,400
31450,400
31460,400
31470,400
31480,400
31490,400
31500,400
31510,400
31520,400
31530,400
31540,400
31550,400
31560,400
31570,400
31580,400
31590,400
31600,400
31610,400
31620,400
31630,400
31640,400
31650,400
31660,400
31670,400
31680,400
31690,400
31700,400
31710,400
31720,400
31730,400
31740,400
31750,400
31760,400
31770,400
31780,400
31790,400
31800,400
31810,400
31820,400
31830,400
31840,400
31850,400
31860,400
31870,400
31880,400
31890,400
31900,400
31910,400
31920,400
31930,400
31940,400
31950,400
31960,400
31970,400
31980,400
31990,400
32000,400
32010,400
32020,400
32030,400
32040,400
32050,400
32060,400
32070,400
32080,400
32090,400
32100,400
32110,400
32120,400
32130,400
32140,400
32150,400
32160,400
32170,400
32180,400
32190,400
32200,400
32210,400
32220,400
32230,400
32240,400
32250,400
32260,400
32270,400
32280,400
32290,400
32300,400
32310,400
32320,400
32330,400
32340,400
32350,400
32360,400
32370,400
32380,400
32390,400
32400,400
32410,400
32420,400
32430,400
32440,400
32450,400
32460,400
32470,400
32480,400
32490,400
32500,400
32510,400
32520,400
32530,400
32540,400
32550,400
32560,400
32570,400
32580,400
32590,400
32600,400
32610,400
32620,400
32630,400
32640,400
32650,400
32660,400
32670,400
32680,400
32690,400
32700,400
32710,400
32720,400
32730,400
32740,400
32750,400
32760,400
32770,400
32780,400
32790,400
32800,400
32810,400
32820,400
32830,400
32840,400
32850,400
32860,400
32870,400
32880,400
32890,400
32900,400
32910,400
32920,400
32930,400
32940,400
32950,400
32960,400
32970,400
32980,400
32990,400
33000,400
33010,400
33020,400
33030,400
33040,400
33050,400
33060,400
33070,400
33080,400
33090,400
33100,400
33110,400
33120,400
33130,400
33140,400
33150,400
33160,400
33170,400
33180,400
33190,400
33200,400
33210,400
33220,400
33230,400
33240,400
33250,400
33260,400
33270,400
33280,400
33290,400
33300,400
33310,400
33320,400
33330,400
33340,400
33350,400
33360,400
33370,400
33380,400
33390,400
33400,400
33410,400
33420,400
33430,400
33440,400
33450,400
33460,400
33470,400
33480,400
33490,400
33500,400
33510,400
33520,400
33530,400
33540,400
33550,400
33560,400
33570,400
33580,400
33590,400
33600,400
33610,400
33620,400
33630,400
33640,400
33650,400
33660,400
33670,400
33680,400
33690,400
33700,400
33710,400
33720,400
33730,400
33740,400
33750,400
33760,400
33770,400
33780,400
33790,400
33800,400
33810,400
33820,400
33830,400
33840,400
33850,400
33860,400
33870,400
33880,400
33890,400
33900,400
33910,400
33920,400
33930,400
33940,400
33950,400
33960,400
33970,400
33980,400
33990,400
34000,400
34010,400
34020,400
34030,400
34040,400
34050,400
34060,400
34070,400
34080,400
34090,400
34100,400
34110,400
34120,400
34130,400
34140,400
34150,400
34160,400
34170,400
34180,400
34190,400
34200,400
34210,400
34220,400
34230,400
34240,400
34250,400
34260,400
34270,400
34280,400
34290,400
34300,400
34310,400
34320,400
34330,400
34340,400
34350,400
34360,400
34370,400
34380,400
34390,400
34400,400
34410,400
34420,400
34430,400
34440,400
34450,400
34460,400
34470,400
34480,400
34490,400
34500,400
34510,400
34520,400
34530,400
34540,400
34550,400
34560,400
34570,400
34580,400
34590,400
34600,400
34610,400
34620,400
34630,400
34640,400
34650,400
34660,400
34670,400
34680,400
34690,400
34700,400
34710,400
34720,400
34730,400
34740,400
34750,400
34760,400
34770,400
34780,400
34790,400
34800,400
34810,400
34820,400
34830,400
34840,400
34850,400
34860,400
34870,400
34880,400
34890,400
34900,400
34910,400
34920,400
34930,400
34940,400
34950,400
34960,400
34970,400
34980,400
34990,400
35000,400
35010,400
35020,400
35030,400
35040,400
35050,400
35060,400
35070,400
35080,400
35090,400
35100,400
35110,400
35120,400
35130,400
35140,400
35150,400
35160,400
35170,400
35180,400
35190,400
35200,400
35210,400
35220,400
35230,400
35240,400
35250,400
35260,400
35270,400
35280,400
35290,400
35300,400
35310,400
35320,400
35330,400
35340,400
35350,400
35360,400
35370,400
35380,400
35390,400
35400,400
35410,400
35420,400
35430,400
35440,400
35450,400
35460,400
35470,400
35480,400
35490,400
35500,400
35510,400
35520,400
35530,400
35540,400
35550,400
35560,400
35570,400
35580,400
35590,400
35600,400
35610,400
35620,400
35630,400
35640,400
35650,400
35660,400
35670,400
35680,400
35690,400
35700,400
35710,400
35720,400
35730,400
35740,400
35750,400
35760,400
35770,400
35780,400
35790,400
35800,400
35810,400
35820,400
35830,400
35840,400
35850,400
35860,400
35870,400
35880,400
35890,400
35900,400
35910,400
35920,400
35930,400
35940,400
35950,400
35960,400
35970,400
35980,400
35990,400
36000,400
36010,400
36020,400
36030,400
36040,400
36050,400
36060,400
36070,400
36080,400
36090,400
36100,400
36110,400
36120,400
36130,400
36140,400
36150,400
36160,400
36170,400
36180,400
36190,400
36200,400
36210,400
36220,400
36230,400
36240,400
36250,400
36260,400
36270,400
36280,400
36290,400
36300,400
36310,400
36320,400
36330,400
36340,400
36350,400
36360,400
36370,400
36380,400
36390,400
36400,400
36410,400
36420,400
36430,400
36440,400
36450,400
36460,400
36470,400
36480,400
36490,400
36500,400
36510,400
36520,400
36530,400
36540,400
36550,400
36560,400
36570,400
36580,400
36590,400
36600,400
36610,400
36620,400
36630,400
36640,400
36650,400
36660,400
36670,400
36680,400
36690,400
36700,400
36710,400
36720,400
36730,400
36740,400
36750,400
36760,400
36770,400
36780,400
36790,400
36800,400
36810,400
36820,400
36830,400
36840,400
36850,400
36860,400
36870,400
36880,400
36890,400
36900,400
36910,400
36920,400
36930,400
36940,400
36950,400
36960,400
36970,400
36980,400
36990,400
37000,400
37010,400
37020,400
37030,400
37040,400
37050,400
37060,400
37070,400
37080,400
37090,400
37100,400
37110,400
37120,400
37130,400
37140,400
37150,400
37160,400
37170,400
37180,400
37190,400
37200,400
37210,400
37220,400
37230,400
37240,400
37250,400
37260,400
37270,400
37280,400
37290,400
37300,400
37310,400
37320,400
37330,400
37340,400
37350,400
37360,400
37370,400
37380,400
37390,400
37400,400
37410,400
37420,400
37430,400
37440,400
37450,400
37460,400
37470,400
37480,400
37490,400
37500,400
37510,400
37520,400
37530,400
37540,400
37550,400
37560,400
37570,400
37580,400
37590,400
37600,400
37610,400
37620,400
37630,400
37640,400
37650,400
37660,400
37670,400
37680,400
37690,400
37700,400
37710,400
37720,400
37730,400
37740,400
37750,400
37760,400
37770,400
37780,400
37790,400
37800,400
37810,400
37820,400
37830,400
37840,400
37850,400
37860,400
37870,400
37880,400
37890,400
37900,400
37910,400
37920,400
37930,400
37940,400
37950,400
37960,400
37970,400
37980,400
37990,400
38000,400
38010,400
38020,400
38030,400
38040,400
38050,400
38060,400
38070,400
38080,400
38090,400
38100,400
38110,400
38120,400
38130,400
38140,400
38150,400
38160,400
38170,400
38180,400
38190,400
38200,400
38210,400
38220,400
38230,400
38240,400
38250,400
38260,400
38270,400
38280,400
38290,400
38300,400
38310,400
38320,400
38330,400
38340,400
38350,400
38360,400
38370,400
38380,400
38390,400
38400,400
38410,400
38420,400
38430,400
38440,400
38450,400
38460,400
38470,400
38480,400
38490,400
38500,400
38510,400
38520,400
38530,400
38540,400
38550,400
38560,400
38570,400
38580,400
38590,400
38600,400
38610,400
38620,400
38630,400
38640,400
38650,400
38660,400
38670,400
38680,400
38690,400
38700,400
38710,400
38720,400
38730,400
38740,400
38750,400
38760,400
38770,400
38780,400
38790,400
38800,400
38810,400
38820,400
38830,400
38840,400
38850,400
38860,400
38870,400
38880,400
38890,400
38900,400
38910,400
38920,400
38930,400
38940,400
38950,400
38960,400
38970,400
38980,400
38990,400
39000,400
39010,400
39020,400
39030,400
39040,400
39050,400
39060,400
39070,400
39080,400
39090,400
39100,400
39110,400
39120,400
39130,400
39140,400
39150,400
39160,400
39170,400
39180,400
39190,400
39200,400
39210,400
39220,400
39230,400
39240,400
39250,400
39260,400
39270,400
39280,400
39290,400
39300,400
39310,400
39320,400
39330,400
39340,400
39350,400
39360,400
39370,400
39380,400
39390,400
39400,400
39410,400
39420,400
39430,400
39440,400
39450,400
39460,400
39470,400
39480,400
39490,400
39500,400
39510,400
39520,400
39530,400
39540,400
39550,400
39560,400
39570,400
39580,400
39590,400
39600,400
39610,400
39620,400
39630,400
39640,400
39650,400
39660,400
39670,400
39680,400
39690,400
39700,400
39710,400
39720,400
39730,400
39740,400
39750,400
39760,400
39770,400
39780,400
39790,400
39800,400
39810,400
39820,400
39830,400
39840,400
39850,400
39860,400
39870,400
39880,400
39890,400
39900,400
39910,400
39920,400
39930,400
39940,400
39950,400
39960,400
39970,400
39980,400
39990,400
40000,400
40010,400
40020,400
40030,400
40040,400
40050,400
40060,400
40070,400
40080,400
40090,400
40100,400
40110,400
40120,400
40130,400
40140,400
40150,400
40160,400
40170,400
40180,400
40190,400
40200,400
40210,400
40220,400
40230,400
40240,400
40250,400
40260,400
40270,400
40280,400
40290,400
40300,400
40310,400
40320,400
40330,400
40340,400
40350,400
40360,400
40370,400
40380,400
40390,400
40400,400
40410,400
40420,400
40430,400
40440,400
40450,400
40460,400
40470,400
40480,400
40490,400
40500,400
40510,400
40520,400
40530,400
40540,400
40550,400
40560,400
40570,400
40580,400
40590,400
40600,400
40610,400
40620,400
40630,400
40640,400
40650,400
40660,400
40670,400
40680,400
40690,400
40700,400
40710,400
40720,400
40730,400
40740,400
40750,400
40760,400
40770,400
40780,400
40790,400
40800,400
40810,400
40820,400
40830,400
40840,400
40850,400
40860,400
40870,400
40880,400
40890,400
40900,400
40910,400
40920,400
40930,400
40940,400
40950,400
40960,400
40970,400
40980,400
40990,400
41000,400
41010,400
41020,400
41030,400
41040,400
41050,400
41060,400
41070,400
41080,400
41090,400
41100,400
41110,400
41120,400
41130,400
41140,400
41150,400
41160,400
41170,400
41180,400
41190,400
41200,400
41210,400
41220,400
41230,400
41240,400
41250,400
41260,400
41270,400
41280,400
41290,400
41300,400
41310,400
41320,400
41330,400
41340,400
41350,400
41360,400
41370,400
41380,400
41390,400
41400,400
41410,400
41420,400
41430,400
41440,400
41450,400
41460,400
41470,400
41480,400
41490,400
41500,400
41510,400
41520,400
41530,400
41540,400
41550,400
41560,400
41570,400
41580,400
41590,400
41600,400
41610,400
41620,400
41630,400
41640,400
41650,400
41660,400
41670,400
41680,400
41690,400
41700,400
41710,400
41720,400
41730,400
41740,400
41750,400
41760,400
41770,400
41780,400
41790,400
41800,400
41810,400
41820,400
41830,400
41840,400
41850,400
41860,400
41870,400
41880,400
41890,400
41900,400
41910,400
41920,400
41930,400
41940,400
41950,400
41960,400
41970,400
41980,400
41990,400
42000,400
42010,400
42020,400
42030,400
42040,400
42050,400
42060,400
42070,400
42080,400
42090,400
42100,400
42110,400
42120,400
42130,400
42140,400
42150,400
42160,400
42170,400
42180,400
42190,400
42200,400
42210,400
42220,400
42230,400
42240,400
42250,400
42260,400
42270,400
42280,400
42290,400
42300,400
42310,400
42320,400
42330,400
42340,400
42350,400
42360,400
42370,400
42380,400
42390,400
42400,400
42410,400
42420,400
42430,400
42440,400
42450,400
42460,400
42470,400
42480,400
42490,400
42500,400
42510,400
42520,400
42530,400
42540,400
42550,400
42560,400
42570,400
42580,400
42590,400
42600,400
42610,400
42620,400
42630,400
42640,400
42650,400
42660,400
42670,400
42680,400
42690,400
42700,400
42710,400
42720,400
42730,400
42740,400
42750,400
42760,400
42770,400
42780,400
42790,400
42800,400
42810,400
42820,400
42830,400
42840,400
42850,400
42860,400
42870,400
42880,400
42890,400
42900,400
42910,400
42920,400
42930,400
42940,400
42950,400
42960,400
42970,400
42980,400
42990,400
43000,400
43010,400
43020,400
43030,400
43040,400
43050,400
43060,400
43070,400
43080,400
43090,400
43100,400
43110,400
43120,400
43130,400
43140,400
43150,400
43160,400
43170,400
43180,400
43190,400
43200,400
43210,400
43220,400
43230,400
43240,400
43250,400
43260,400
43270,400
43280,400
43290,400
43300,400
43310,400
43320,400
43330,400
43340,400
43350,400
43360,400
43370,400
43380,400
43390,400
43400,400
43410,400
43420,400
43430,400
43440,400
43450,400
43460,400
43470,400
43480,400
43490,400
43500,400
43510,400
43520,400
43530,400
43540,400
43550,400
43560,400
43570,400
43580,400
43590,400
43600,400
43610,400
43620,400
43630,400
43640,400
43650,400
43660,400
43670,400
43680,400
43690,400
43700,400
43710,400
43720,400
43730,400
43740,400
43750,400
43760,400
43770,400
43780,400
43790,400
43800,400
43810,400
43820,400
43830,400
43840,400
43850,400
43860,400
43870,400
43880,400
43890,400
43900,400
43910,400
43920,400
43930,400
43940,400
43950,400
43960,400
43970,400
43980,400
43990,400
44000,400
44010,400
44020,400
44030,400
44040,400
44050,400
44060,400
44070,400
44080,400
44090,400
44100,400
44110,400
44120,400
44130,400
44140,400
44150,400
44160,400
44170,400
44180,400
44190,400
44200,400
44210,400
44220,400
44230,400
44240,400
44250,400
44260,400
44270,400
44280,400
44290,400
44300,400
44310,400
44320,400
44330,400
44340,400
44350,400
44360,400
44370,400
44380,400
44390,400
44400,400
44410,400
44420,400
44430,400
44440,400
44450,400
44460,400
44470,400
44480,400
44490,400
44500,400
44510,400
44520,400
44530,400
44540,400
44550,400
44560,400
44570,400
44580,400
44590,400
44600,400
44610,400
44620,400
44630,400
44640,400
44650,400
44660,400
44670,400
44680,400
44690,400
44700,400
44710,400
44720,400
44730,400
44740,400
44750,400
44760,400
44770,400
44780,400
44790,400
44800,400
44810,400
44820,400
44830,400
44840,400
44850,400
44860,400
44870,400
44880,400
44890,400
44900,400
44910,400
44920,400
44930,400
44940,400
44950,400
44960,400
44970,400
44980,400
44990,400
45000,400
45010,400
45020,400
45030,400
45040,400
45050,400
45060,400
45070,400
45080,400
45090,400
45100,400
45110,400
45120,400
45130,400
45140,400
45150,400
45160,400
45170,400
45180,400
45190,400
45200,400
45210,400
45220,400
45230,400
45240,400
45250,400
45260,400
45270,400
45280,400
45290,400
45300,400
45310,400
45320,400
45330,400
45340,400
45350,400
45360,400
45370,400
45380,400
45390,400
45400,400
45410,400
45420,400
45430,400
45440,400
45450,400
45460,400
45470,400
45480,400
45490,400
45500,400
45510,400
45520,400
45530,400
45540,400
45550,400
45560,400
45570,400
45580,400
45590,400
45600,400
45610,400
45620,400
45630,400
45640,400
45650,400
45660,400
45670,400
45680,400
45690,400
45700,400
45710,400
45720,400
45730,400
45740,400
45750,400
45760,400
45770,400
45780,400
45790,400
45800,400
45810,400
45820,400
45830,400
45840,400
45850,400
45860,400
45870,400
45880,400
45890,400
45900,400
45910,400
45920,400
45930,400
45940,400
45950,400
45960,400
45970,400
45980,400
45990,400
46000,400
46010,400
46020,400
46030,400
46040,400
46050,400
46060,400
46070,400
46080,400
46090,400
46100,400
46110,400
46120,400
46130,400
46140,400
46150,400
46160,400
46170,400
46180,400
46190,400
46200,400
46210,400
46220,400
46230,400
46240,400
46250,400
46260,400
46270,400
46280,400
46290,400
46300,400
46310,400
46320,400
46330,400
46340,400
46350,400
46360,400
46370,400
46380,400
46390,400
46400,400
46410,400
46420,400
46430,400
46440,400
46450,400
46460,400
46470,400
46480,400
46490,400
46500,400
46510,400
46520,400
46530,400
46540,400
46550,400
46560,400
46570,400
46580,400
46590,400
46600,400
46610,400
46620,400
46630,400
46640,400
46650,400
46660,400
46670,400
46680,400
46690,400
46700,400
46710,400
46720,400
46730,400
46740,400
46750,400
46760,400
46770,400
46780,400
46790,400
46800,400
46810,400
46820,400
46830,400
46840,400
46850,400
46860,400
46870,400
46880,400
46890,400
46900,400
46910,400
46920,400
46930,400
46940,400
46950,400
46960,400
46970,400
46980,400
46990,400
47000,400
47010,400
47020,400
47030,400
47040,400
47050,400
47060,400
47070,400
47080,400
47090,400
47100,400
47110,400
47120,400
47130,400
47140,400
47150,400
47160,400
47170,400
47180,400
47190,400
47200,400
47210,400
47220,400
47230,400
47240,400
47250,400
47260,400
47270,400
47280,400
47290,400
47300,400
47310,400
47320,400
47330,400
47340,400
47350,400
47360,400
47370,400
47380,400
47390,400
47400,400
47410,400
47420,400
47430,400
47440,400
47450,400
47460,400
47470,400
47480,400
47490,400
47500,400
47510,400
47520,400
47530,400
47540,400
47550,400
47560,400
47570,400
47580,400
47590,400
47600,400
47610,400
47620,400
47630,400
47640,400
47650,400
47660,400
47670,400
47680,400
47690,400
47700,400
47710,400
47720,400
47730,400
47740,400
47750,400
47760,400
47770,400
47780,400
47790,400
47800,400
47810,400
47820,400
47830,400
47840,400
47850,400
47860,400
47870,400
47880,400
47890,400
47900,400
47910,400
47920,400
47930,400
47940,400
47950,400
47960,400
47970,400
47980,400
47990,400
48000,400
48010,400
48020,400
48030,400
48040,400
48050,400
48060,400
48070,400
48080,400
48090,400
48100,400
48110,400
48120,400
48130,400
48140,400
48150,400
48160,400
48170,400
48180,400
48190,400
48200,400
48210,400
48220,400
48230,400
48240,400
48250,400
48260,400
48270,400
48280,400
48290,400
48300,400
48310,400
48320,400
48330,400
48340,400
48350,400
48360,400
48370,400
48380,400
48390,400
48400,400
48410,400
48420,400
48430,400
48440,400
48450,400
48460,400
48470,400
48480,400
48490,400
48500,400
48510,400
48520,400
48530,400
48540,400
48550,400
48560,400
48570,400
48580,400
48590,400
48600,400
48610,400
48620,400
48630,400
48640,400
48650,400
48660,400
48670,400
48680,400
48690,400
48700,400
48710,400
48720,400
48730,400
48740,400
48750,400
48760,400
48770,400
48780,400
48790,400
48800,400
48810,400
48820,400
48830,400
48840,400
48850,400
48860,400
48870,400
48880,400
48890,400
48900,400
48910,400
48920,400
48930,400
48940,400
48950,400
48960,400
48970,400
48980,400
48990,400
49000,400
49010,400
49020,400
49030,400
49040,400
49050,400
49060,400
49070,400
49080,400
49090,400
49100,400
49110,400
49120,400
49130,400
49140,400
49150,400
49160,400
49170,400
49180,400
49190,400
49200,400
49210,400
49220,400
49230,400
49240,400
49250,400
49260,400
49270,400
49280,400
49290,400
49300,400
49310,400
49320,400
49330,400
49340,400
49350,400
49360,400
49370,400
49380,400
49390,400
49400,400
49410,400
49420,400
49430,400
49440,400
49450,400
49460,400
49470,400
49480,400
49490,400
49500,400
49510,400
49520,400
49530,400
49540,400
49550,400
49560,400
49570,400
49580,400
49590,400
49600,400
49610,400
49620,400
49630,400
49640,400
49650,400
49660,400
49670,400
49680,400
49690,400
49700,400
49710,400
49720,400
49730,400
49740,400
49750,400
49760,400
49770,400
49780,400
49790,400
49800,400
49810,400
49820,400
49830,400
49840,400
49850,400
49860,400
49870,400
49880,400
49890,400
49900,400
49910,400
49920,400
49930,400
49940,400
49950,400
49960,400
49970,400
49980,400
49990,400
50000,400
50010,400
50020,400
50030,400
50040,400
50050,400
50060,400
50070,400
50080,400
50090,400
50100,400
50110,400
50120,400
50130,400
50140,400
50150,400
50160,400
50170,400
50180,400
50190,400
50200,400
50210,400
50220,400
50230,400
50240,400
50250,400
50260,400
50270,400
50280,400
50290,400
50300,400
50310,400
50320,400
50330,400
50340,400
50350,400
50360,400
50370,400
50380,400
50390,400
50400,400
50410,400
50420,400
50430,400
50440,400
50450,400
50460,400
50470,400
50480,400
50490,400
50500,400
50510,400
50520,400
50530,400
50540,400
50550,400
50560,400
50570,400
50580,400
50590,400
50600,400
50610,400
50620,400
50630,400
50640,400
50650,400
50660,400
50670,400
50680,400
50690,400
50700,400
50710,400
50720,400
50730,400
50740,400
50750,400
50760,400
50770,400
50780,400
50790,400
50800,400
50810,400
50820,400
50830,400
50840,400
50850,400
50860,400
50870,400
50880,400
50890,400
50900,400
50910,400
50920,400
50930,400
50940,400
50950,400
50960,400
50970,400
50980,400
50990,400
51000,400
51010,400
51020,400
51030,400
51040,400
51050,400
51060,400
51070,400
51080,400
51090,400
51100,400
51110,400
51120,400
51130,400
51140,400
51150,400
51160,400
51170,400
51180,400
51190,400
51200,400
51210,400
51220,400
51230,400
51240,400
51250,400
51260,400
51270,400
51280,400
51290,400
51300,400
51310,400
51320,400
51330,400
51340,400
51350,400
51360,400
51370,400
51380,400
51390,400
51400,400
51410,400
51420,400
51430,400
51440,400
51450,400
51460,400
51470,400
51480,400
51490,400
51500,400
51510,400
51520,400
51530,400
51540,400
51550,400
51560,400
51570,400
51580,400
51590,400
51600,400
51610,400
51620,400
51630,400
51640,400
51650,400
51660,400
51670,400
51680,400
51690,400
51700,400
51710,400
51720,400
51730,400
51740,400
51750,400
51760,400
51770,400
51780,400
51790,400
51800,400
51810,400
51820,400
51830,400
51840,400
51850,400
51860,400
51870,400
51880,400
51890,400
51900,400
51910,400
51920,400
51930,400
51940,400
51950,400
51960,400
51970,400
51980,400
51990,400
52000,400
52010,400
52020,400
52030,400
52040,400
52050,400
52060,400
52070,400
52080,400
52090,400
52100,400
52110,400
52120,400
52130,400
52140,400
52150,400
52160,400
52170,400
52180,400
52190,400
52200,400
52210,400
52220,400
52230,400
52240,400
52250,400
52260,400
52270,400
52280,400
52290,400
52300,400
52310,400
52320,400
52330,400
52340,400
52350,400
52360,400
52370,400
52380,400
52390,400
52400,400
52410,400
52420,400
52430,400
52440,400
52450,400
52460,400
52470,400
52480,400
52490,400
52500,400
52510,400
52520,400
52530,400
52540,400
52550,400
52560,400
52570,400
52580,400
52590,400
52600,400
52610,400
52620,400
52630,400
52640,400
52650,400
52660,400
52670,400
52680,400
52690,400
52700,400
52710,400
52720,400
52730,400
52740,400
52750,400
52760,400
52770,400
52780,400
52790,400
52800,400
52810,400
52820,400
52830,400
52840,400
52850,400
52860,400
52870,400
52880,400
52890,400
52900,400
52910,400
52920,400
52930,400
52940,400
52950,400
52960,400
52970,400
52980,400
52990,400
53000,400
53010,400
53020,400
53030,400
53040,400
53050,400
53060,400
53070,400
53080,400
53090,400
53100,400
53110,400
53120,400
53130,400
53140,400
53150,400
53160,400
53170,400
53180,400
53190,400
53200,400
53210,400
53220,400
53230,400
53240,400
53250,400
53260,400
53270,400
53280,400
53290,400
53300,400
53310,400
53320,400
53330,400
53340,400
53350,400
53360,400
53370,400
53380,400
53390,400
53400,400
53410,400
53420,400
53430,400
53440,400
53450,400
53460,400
53470,400
53480,400
53490,400
53500,400
53510,400
53520,400
53530,400
53540,400
53550,400
53560,400
53570,400
53580,400
53590,400
53600,400
53610,400
53620,400
53630,400
53640,400
53650,400
53660,400
53670,400
53680,400
53690,400
53700,400
53710,400
53720,400
53730,400
53740,400
53750,400
53760,400
53770,400
53780,400
53790,400
53800,400
53810,400
53820,400
53830,400
53840,400
53850,400
53860,400
53870,400
53880,400
53890,400
53900,400
53910,400
53920,400
53930,400
53940,400
53950,400
53960,400
53970,400
53980,400
53990,400
54000,400
54010,400
54020,400
54030,400
54040,400
54050,400
54060,400
54070,400
54080,400
54090,400
54100,400
54110,400
54120,400
54130,400
54140,400
54150,400
54160,400
54170,400
54180,400
54190,400
54200,400
54210,400
54220,400
54230,400
54240,400
54250,400
54260,400
54270,400
54280,400
54290,400
54300,400
54310,400
54320,400
54330,400
54340,400
54350,400
54360,400
54370,400
54380,400
54390,400
54400,400
54410,400
54420,400
54430,400
54440,400
54450,400
54460,400
54470,400
54480,400
54490,400
54500,400
54510,400
54520,400
54530,400
54540,400
54550,400
54560,400
54570,400
54580,400
54590,400
54600,400
54610,400
54620,400
54630,400
54640,400
54650,400
54660,400
54670,400
54680,400
54690,400
54700,400
54710,400
54720,400
54730,400
54740,400
54750,400
54760,400
54770,400
54780,400
54790,400
54800,400
54810,400
54820,400
54830,400
54840,400
54850,400
54860,400
54870,400
54880,400
54890,400
54900,400
54910,400
54920,400
54930,400
54940,400
54950,400
54960,400
54970,400
54980,400
54990,400
55000,400
55010,400
55020,400
55030,400
55040,400
55050,400
55060,400
55070,400
55080,400
55090,400
55100,400
55110,400
55120,400
55130,400
55140,400
55150,400
55160,400
55170,400
55180,400
55190,400
55200,400
55210,400
55220,400
55230,400
55240,400
55250,400
55260,400
55270,400
55280,400
55290,400
55300,400
55310,400
55320,400
55330,400
55340,400
55350,400
55360,400
55370,400
55380,400
55390,400
55400,400
55410,400
55420,400
55430,400
55440,400
55450,400
55460,400
55470,400
55480,400
55490,400
55500,400
55510,400
55520,400
55530,400
55540,400
55550,400
55560,400
55570,400
55580,400
55590,400
55600,400
55610,400
55620,400
55630,400
55640,400
55650,400
55660,400
55670,400
55680,400
55690,400
55700,400
55710,400
55720,400
55730,400
55740,400
55750,400
55760,400
55770,400
55780,400
55790,400
55800,400
55810,400
55820,400
55830,400
55840,400
55850,400
55860,400
55870,400
55880,400
55890,400
55900,400
55910,400
55920,400
55930,400
55940,400
55950,400
55960,400
55970,400
55980,400
55990,400
56000,400
56010,400
56020,400
56030,400
56040,400
56050,400
56060,400
56070,400
56080,400
56090,400
56100,400
56110,400
56120,400
56130,400
56140,400
56150,400
56160,400
56170,400
56180,400
56190,400
56200,400
56210,400
56220,400
56230,400
56240,400
56250,400
56260,400
56270,400
56280,400
56290,400
56300,400
56310,400
56320,400
56330,400
56340,400
56350,400
56360,400
56370,400
56380,400
56390,400
56400,400
56410,400
56420,400
56430,400
56440,400
56450,400
56460,400
56470,400
56480,400
56490,400
56500,400
56510,400
56520,400
56530,400
56540,400
56550,400
56560,400
56570,400
56580,400
56590,400
56600,400
56610,400
56620,400
56630,400
56640,400
56650,400
56660,400
56670,400
56680,400
56690,400
56700,400
56710,400
56720,400
56730,400
56740,400
56750,400
56760,400
56770,400
56780,400
56790,400
56800,400
56810,400
56820,400
56830,400
56840,400
56850,400
56860,400
56870,400
56880,400
56890,400
56900,400
56910,400
56920,400
56930,400
56940,400
56950,400
56960,400
56970,400
56980,400
56990,400
57000,400
57010,400
57020,400
57030,400
57040,400
57050,400
57060,400
57070,400
57080,400
57090,400
57100,400
57110,400
57120,400
57130,400
57140,400
57150,400
57160,400
57170,400
57180,400
57190,400
57200,400
57210,400
57220,400
57230,400
57240,400
57250,400
57260,400
57270,400
57280,400
57290,400
57300,400
57310,400
57320,400
57330,400
57340,400
57350,400
57360,400
57370,400
57380,400
57390,400
57400,400
57410,400
57420,400
57430,400
57440,400
57450,400
57460,400
57470,400
57480,400
57490,400
57500,400
57510,400
57520,400
57530,400
57540,400
57550,400
57560,400
57570,400
57580,400
57590,400
57600,400
57610,400
57620,400
57630,400
57640,400
57650,400
57660,400
57670,400
57680,400
57690,400
57700,400
57710,400
57720,400
57730,400
57740,400
57750,400
57760,400
57770,400
57780,400
57790,400
57800,400
57810,400
57820,400
57830,400
57840,400
57850,400
57860,400
57870,400
57880,400
57890,400
57900,400
57910,400
57920,400
57930,400
57940,400
57950,400
57960,400
57970,400
57980,400
57990,400
58000,400
58010,400
58020,400
58030,400
58040,400
58050,400
58060,400
58070,400
58080,400
58090,400
58100,400
58110,400
58120,400
58130,400
58140,400
58150,400
58160,400
58170,400
58180,400
58190,400
58200,400
58210,400
58220,400
58230,400
58240,400
58250,400
58260,400
58270,400
58280,400
58290,400
58300,400
58310,400
58320,400
58330,400
58340,400
58350,400
58360,400
58370,400
58380,400
58390,400
58400,400
58410,400
58420,400
58430,400
58440,400
58450,400
58460,400
58470,400
58480,400
58490,400
58500,400
58510,400
58520,400
58530,400
58540,400
58550,400
58560,400
58570,400
58580,400
58590,400
58600,400
58610,400
58620,400
58630,400
58640,400
58650,400
58660,400
58670,400
58680,400
58690,400
58700,400
58710,400
58720,400
58730,400
58740,400
58750,400
58760,400
58770,400
58780,400
58790,400
58800,400
58810,400
58820,400
58830,400
58840,400
58850,400
58860,400
58870,400
58880,400
58890,400
58900,400
58910,400
58920,400
58930,400
58940,400
58950,400
58960,400
58970,400
58980,400
58990,400
59000,400
59010,400
59020,400
59030,400
59040,400
59050,400
59060,400
59070,400
59080,400
59090,400
59100,400
59110,400
59120,400
59130,400
59140,400
59150,400
59160,400
59170,400
59180,400
59190,400
59200,400
59210,400
59220,400
59230,400
59240,400
59250,400
59260,400
59270,400
59280,400
59290,400
59300,400
59310,400
59320,400
59330,400
59340,400
59350,400
59360,400
59370,400
59380,400
59390,400
59400,400
59410,400
59420,400
59430,400
59440,400
59450,400
59460,400
59470,400
59480,400
59490,400
59500,400
59510,400
59520,400
59530,400
59540,400
59550,400
59560,400
59570,400
59580,400
59590,400
59600,400
59610,400
59620,400
59630,400
59640,400
59650,400
59660,400
59670,400
59680,400
59690,400
59700,400
59710,400
59720,400
59730,400
59740,400
59750,400
59760,400
59770,400
59780,400
59790,400
59800,400
59810,400
59820,400
59830,400
59840,400
59850,400
59860,400
59870,400
59880,400
59890,400
59900,400
59910,400
59920,400
59930,400
59940,400
59950,400
59960,400
59970,400
59980,400
59990,400
60000,400
60010,400
60020,400
60030,400
60040,400
60050,400
60060,400
60070,400
60080,400
60090,400
60100,400
60110,400
60120,400
60130,400
60140,400
60150,400
60160,400
60170,400
60180,400
60190,400
60200,400
60210,400
60220,400
60230,400
60240,400
60250,400
60260,400
60270,400
60280,400
60290,400
60300,400
60310,400
60320,400
60330,400
60340,400
60350,400
60360,400
60370,400
60380,400
60390,400
60400,400
60410,400
60420,400
60430,400
60440,400
60450,400
60460,400
60470,400
60480,400
60490,400
60500,400
60510,400
60520,400
60530,400
60540,400
60550,400
60560,400
60570,400
60580,400
60590,400
60600,400
60610,400
60620,400
60630,400
60640,400
60650,400
60660,400
60670,400
60680,400
60690,400
60700,400
60710,400
60720,400
60730,400
60740,400
60750,400
60760,400
60770,400
60780,400
60790,400
60800,400
60810,400
60820,400
60830,400
60840,400
60850,400
60860,400
60870,400
60880,400
60890,400
60900,400
60910,400
60920,400
60930,400
60940,400
60950,400
60960,400
60970,400
60980,400
60990,400
61000,400
61010,400
61020,400
61030,400
61040,400
61050,400
61060,400
61070,400
61080,400
61090,400
61100,400
61110,400
61120,400
61130,400
61140,400
61150,400
61160,400
61170,400
61180,400
61190,400
61200,400
61210,400
61220,400
61230,400
61240,400
61250,400
61260,400
61270,400
61280,400
61290,400
61300,400
61310,400
61320,400
61330,400
61340,400
61350,400
61360,400
61370,400
61380,400
61390,400
61400,400
61410,400
61420,400
61430,400
61440,400
61450,400
61460,400
61470,400
61480,400
61490,400
61500,400
61510,400
61520,400
61530,400
61540,400
61550,400
61560,400
61570,400
61580,400
61590,400
61600,400
61610,400
61620,400
61630,400
61640,400
61650,400
61660,400
61670,400
61680,400
61690,400
61700,400
61710,400
61720,400
61730,400
61740,400
61750,400
61760,400
61770,400
61780,400
61790,400
61800,400
61810,400
61820,400
61830,400
61840,400
61850,400
61860,400
61870,400
61880,400
61890,400
61900,400
61910,400
61920,400
61930,400
61940,400
61950,400
61960,400
61970,400
61980,400
61990,400
62000,400
62010,400
62020,400
62030,400
62040,400
62050,400
62060,400
62070,400
62080,400
62090,400
62100,400
62110,400
62120,400
62130,400
62140,400
62150,400
62160,400
62170,400
62180,400
62190,400
62200,400
62210,400
62220,400
62230,400
62240,400
62250,400
62260,400
62270,400
62280,400
62290,400
62300,400
62310,400
62320,400
62330,400
62340,400
62350,400
62360,400
62370,400
62380,400
62390,400
62400,400
62410,400
62420,400
62430,400
62440,400
62450,400
62460,400
62470,400
62480,400
62490,400
62500,400
62510,400
62520,400
62530,400
62540,400
62550,400
62560,400
62570,400
62580,400
62590,400
62600,400
62610,400
62620,400
62630,400
62640,400
62650,400
62660,400
62670,400
62680,400
62690,400
62700,400
62710,400
62720,400
62730,400
62740,400
62750,400
62760,400
62770,400
62780,400
62790,400
62800,400
62810,400
62820,400
62830,400
62840,400
62850,400
62860,400
62870,400
62880,400
62890,400
62900,400
62910,400
62920,400
62930,400
62940,400
62950,400
62960,400
62970,400
62980,400
62990,400
63000,400
63010,400
63020,400
63030,400
63040,400
63050,400
63060,400
63070,400
63080,400
63090,400
63100,400
63110,400
63120,400
63130,400
63140,400
63150,400
63160,400
63170,400
63180,400
63190,400
63200,400
63210,400
63220,400
63230,400
63240,400
63250,400
63260,400
63270,400
63280,400
63290,400
63300,400
63310,400
63320,400
63330,400
63340,400
63350,400
63360,400
63370,400
63380,400
63390,400
63400,400
63410,400
63420,400
63430,400
63440,400
63450,400
63460,400
63470,400
63480,400
63490,400
63500,400
63510,400
63520,400
63530,400
63540,400
63550,400
63560,400
63570,400
63580,400
63590,400
63600,400
63610,400
63620,400
63630,400
63640,400
63650,400
63660,400
63670,400
63680,400
63690,400
63700,400
63710,400
63720,400
63730,400
63740,400
63750,400
63760,400
63770,400
63780,400
63790,400
63800,400
63810,400
63820,400
63830,400
63840,400
63850,400
63860,400
63870,400
63880,400
63890,400
63900,400
63910,400
63920,400
63930,400
63940,400
63950,400
63960,400
63970,400
63980,400
63990,400
64000,400
64010,400
64020,400
64030,400
64040,400
64050,400
64060,400
64070,400
64080,400
64090,400
64100,400
64110,400
64120,400
64130,400
64140,400
64150,400
64160,400
64170,400
64180,400
64190,400
64200,400
64210,400
64220,400
64230,400
64240,400
64250,400
64260,400
64270,400
64280,400
64290,400
64300,400
64310,400
64320,400
64330,400
64340,400
64350,400
64360,400
64370,400
64380,400
64390,400
64400,400
64410,400
64420,400
64430,400
64440,400
64450,400
64460,400
64470,400
64480,400
64490,400
64500,400
64510,400
64520,400
64530,400
64540,400
64550,400
64560,400
64570,400
64580,400
64590,400
64600,400
64610,400
64620,400
64630,400
64640,400
64650,400
64660,400
64670,400
64680,400
64690,400
64700,400
64710,400
64720,400
64730,400
64740,400
64750,400
64760,400
64770,400
64780,400
64790,400
64800,400
64810,400
64820,400
64830,400
64840,400
64850,400
64860,400
64870,400
64880,400
64890,400
64900,400
64910,400
64920,400
64930,400
64940,400
64950,400
64960,400
64970,400
64980,400
64990,400
65000,400
65010,400
65020,400
65030,400
65040,400
65050,400
65060,400
65070,400
65080,400
65090,400
65100,400
65110,400
65120,400
65130,400
65140,400
65150,400
65160,400
65170,400
65180,400
65190,400
65200,400
65210,400
65220,400
65230,400
65240,400
65250,400
65260,400
65270,400
65280,400
65290,400
65300,400
65310,400
65320,400
65330,400
65340,400
65350,400
65360,400
65370,400
65380,400
65390,400
65400,400
65410,400
65420,400
65430,400
65440,400
65450,400
65460,400
65470,400
65480,400
65490,400
65500,400
65510,400
65520,400
65530,400
65540,400
65550,400
65560,400
65570,400
65580,400
65590,400
65600,400
65610,400
65620,400
65630,400
65640,400
65650,400
65660,400
65670,400
65680,400
65690,400
65700,400
65710,400
65720,400
65730,400
65740,400
65750,400
65760,400
65770,400
65780,400
65790,400
65800,400
65810,400
65820,400
65830,400
65840,400
65850,400
65860,400
65870,400
65880,400
65890,400
65900,400
65910,400
65920,400
65930,400
65940,400
65950,400
65960,400
65970,400
65980,400
65990,400
66000,400
66010,400
66020,400
66030,400
66040,400
66050,400
66060,400
66070,400
66080,400
66090,400
66100,400
66110,400
66120,400
66130,400
66140,400
66150,400
66160,400
66170,400
66180,400
66190,400
66200,400
66210,400
66220,400
66230,400
66240,400
66250,400
66260,400
66270,400
66280,400
66290,400
66300,400
66310,400
66320,400
66330,400
66340,400
66350,400
66360,400
66370,400
66380,400
66390,400
66400,400
66410,400
66420,400
66430,400
66440,400
66450,400
66460,400
66470,400
66480,400
66490,400
66500,400
66510,400
66520,400
66530,400
66540,400
66550,400
66560,400
66570,400
66580,400
66590,400
66600,400
66610,400
66620,400
66630,400
66640,400
66650,400
66660,400
66670,400
66680,400
66690,400
66700,400
66710,400
66720,400
66730,400
66740,400
66750,400
66760,400
66770,400
66780,400
66790,400
66800,400
66810,400
66820,400
66830,400
66840,400
66850,400
66860,400
66870,400
66880,400
66890,400
66900,400
66910,400
66920,400
66930,400
66940,400
66950,400
66960,400
66970,400
66980,400
66990,400
67000,400
67010,400
67020,400
67030,400
67040,400
67050,400
67060,400
67070,400
67080,400
67090,400
67100,400
67110,400
67120,400
67130,400
67140,400
67150,400
67160,400
67170,400
67180,400
67190,400
67200,400
67210,400
67220,400
67230,400
67240,400
67250,400
67260,400
67270,400
67280,400
67290,400
67300,400
67310,400
67320,400
67330,400
67340,400
67350,400
67360,400
67370,400
67380,400
67390,400
67400,400
67410,400
67420,400
67430,400
67440,400
67450,400
67460,400
67470,400
67480,400
67490,400
67500,400
67510,400
67520,400
67530,400
67540,400
67550,400
67560,400
67570,400
67580,400
67590,400
67600,400
67610,400
67620,400
67630,400
67640,400
67650,400
67660,400
67670,400
67680,400
67690,400
67700,400
67710,400
67720,400
67730,400
67740,400
67750,400
67760,400
67770,400
67780,400
67790,400
67800,400
67810,400
67820,400
67830,400
67840,400
67850,400
67860,400
67870,400
67880,400
67890,400
67900,400
67910,400
67920,400
67930,400
67940,400
67950,400
67960,400
67970,400
67980,400
67990,400
68000,400
68010,400
68020,400
68030,400
68040,400
68050,400
68060,400
68070,400
68080,400
68090,400
68100,400
68110,400
68120,400
68130,400
68140,400
68150,400
68160,400
68170,400
68180,400
68190,400
68200,400
68210,400
68220,400
68230,400
68240,400
68250,400
68260,400
68270,400
68280,400
68290,400
68300,400
68310,400
68320,400
68330,400
68340,400
68350,400
68360,400
68370,400
68380,400
68390,400
68400,400
68410,400
68420,400
68430,400
68440,400
68450,400
68460,400
68470,400
68480,400
68490,400
68500,400
68510,400
68520,400
68530,400
68540,400
68550,400
68560,400
68570,400
68580,400
68590,400
68600,400
68610,400
68620,400
68630,400
68640,400
68650,400
68660,400
68670,400
68680,400
68690,400
68700,400
68710,400
68720,400
68730,400
68740,400
68750,400
68760,400
68770,400
68780,400
68790,400
68800,400
68810,400
68820,400
68830,400
68840,400
68850,400
68860,400
68870,400
68880,400
68890,400
68900,400
68910,400
68920,400
68930,400
68940,400
68950,400
68960,400
68970,400
68980,400
68990,400
69000,400
69010,400
69020,400
69030,400
69040,400
69050,400
69060,400
69070,400
69080,400
69090,400
69100,400
69110,400
69120,400
69130,400
69140,400
69150,400
69160,400
69170,400
69180,400
69190,400
69200,400
69210,400
69220,400
69230,400
69240,400
69250,400
69260,400
69270,400
69280,400
69290,400
69300,400
69310,400
69320,400
69330,400
69340,400
69350,400
69360,400
69370,400
69380,400
69390,400
69400,400
69410,400
69420,400
69430,400
69440,400
69450,400
69460,400
69470,400
69480,400
69490,400
69500,400
69510,400
69520,400
69530,400
69540,400
69550,400
69560,400
69570,400
69580,400
69590,400
69600,400
69610,400
69620,400
69630,400
69640,400
69650,400
69660,400
69670,400
69680,400
69690,400
69700,400
69710,400
69720,400
69730,400
69740,400
69750,400
69760,400
69770,400
69780,400
69790,400
69800,400
69810,400
69820,400
69830,400
69840,400
69850,400
69860,400
69870,400
69880,400
69890,400
69900,400
69910,400
69920,400
69930,400
69940,400
69950,400
69960,400
69970,400
69980,400
69990,400
70000,400
70010,400
70020,400
70030,400
70040,400
70050,400
70060,400
70070,400
70080,400
70090,400
70100,400
70110,400
70120,400
70130,400
70140,400
70150,400
70160,400
70170,400
70180,400
70190,400
70200,400
70210,400
70220,400
70230,400
70240,400
70250,400
70260,400
70270,400
70280,400
70290,400
70300,400
70310,400
70320,400
70330,400
70340,400
70350,400
70360,400
70370,400
70380,400
70390,400
70400,400
70410,400
70420,400
70430,400
70440,400
70450,400
70460,400
70470,400
70480,400
70490,400
70500,400
70510,400
70520,400
70530,400
70540,400
70550,400
70560,400
70570,400
70580,400
70590,400
70600,400
70610,400
70620,400
70630,400
70640,400
70650,400
70660,400
70670,400
70680,400
70690,400
70700,400
70710,400
70720,400
70730,400
70740,400
70750,400
70760,400
70770,400
70780,400
70790,400
70800,400
70810,400
70820,400
70830,400
70840,400
70850,400
70860,400
70870,400
70880,400
70890,400
70900,400
70910,400
70920,400
70930,400
70940,400
70950,400
70960,400
70970,400
70980,400
70990,400
71000,400
71010,400
71020,400
71030,400
71040,400
71050,400
71060,400
71070,400
71080,400
71090,400
71100,400
71110,400
71120,400
71130,400
71140,400
71150,400
71160,400
71170,400
71180,400
71190,400
71200,400
71210,400
71220,400
71230,400
71240,400
71250,400
71260,400
71270,400
71280,400
71290,400
71300,400
71310,400
71320,400
71330,400
71340,400
71350,400
71360,400
71370,400
71380,400
71390,400
71400,400
71410,400
71420,400
71430,400
71440,400
71450,400
71460,400
71470,400
71480,400
71490,400
71500,400
71510,400
71520,400
71530,400
71540,400
71550,400
71560,400
71570,400
71580,400
71590,400
71600,400
71610,400
71620,400
71630,400
71640,400
71650,400
71660,400
71670,400
71680,400
71690,400
71700,400
71710,400
71720,400
71730,400
71740,400
71750,400
71760,400
71770,400
71780,400
71790,400
71800,400
71810,400
71820,400
71830,400
71840,400
71850,400
71860,400
71870,400
71880,400
71890,400
71900,400
71910,400
71920,400
71930,400
71940,400
71950,400
71960,400
71970,400
71980,400
71990,400
72000,400
72010,400
72020,400
72030,400
72040,400
72050,400
72060,400
72070,400
72080,400
72090,400
72100,400
72110,400
72120,400
72130,400
72140,400
72150,400
72160,400
72170,400
72180,400
72190,400
72200,400
72210,400
72220,400
72230,400
72240,400
72250,400
72260,400
72270,400
72280,400
72290,400
72300,400
72310,400
72320,400
72330,400
72340,400
72350,400
72360,400
72370,400
72380,400
72390,400
72400,400
72410,400
72420,400
72430,400
72440,400
72450,400
72460,400
72470,400
72480,400
72490,400
72500,400
72510,400
72520,400
72530,400
72540,400
72550,400
72560,400
72570,400
72580,400
72590,400
72600,400
72610,400
72620,400
72630,400
72640,400
72650,400
72660,400
72670,400
72680,400
72690,400
72700,400
72710,400
72720,400
72730,400
72740,400
72750,400
72760,400
72770,400
72780,400
72790,400
72800,400
72810,400
72820,400
72830,400
72840,400
72850,400
72860,400
72870,400
72880,400
72890,400
72900,400
72910,400
72920,400
72930,400
72940,400
72950,400
72960,400
72970,400
72980,400
72990,400
73000,400
73010,400
73020,400
73030,400
73040,400
73050,400
73060,400
73070,400
73080,400
73090,400
73100,400
73110,400
73120,400
73130,400
73140,400
73150,400
73160,400
73170,400
73180,400
73190,400
73200,400
73210,400
73220,400
73230,400
73240,400
73250,400
73260,400
73270,400
73280,400
73290,400
73300,400
73310,400
73320,400
73330,400
73340,400
73350,400
73360,400
73370,400
73380,400
73390,400
73400,400
73410,400
73420,400
73430,400
73440,400
73450,400
73460,400
73470,400
73480,400
73490,400
73500,400
73510,400
73520,400
73530,400
73540,400
73550,400
73560,400
73570,400
73580,400
73590,400
73600,400
73610,400
73620,400
73630,400
73640,400
73650,400
73660,400
73670,400
73680,400
73690,400
73700,400
73710,400
73720,400
73730,400
73740,400
73750,400
73760,400
73770,400
73780,400
73790,400
73800,400
73810,400
73820,400
73830,400
73840,400
73850,400
73860,400
73870,400
73880,400
73890,400
73900,400
73910,400
73920,400
73930,400
73940,400
73950,400
73960,400
73970,400
73980,400
73990,400
74000,400
74010,400
74020,400
74030,400
74040,400
74050,400
74060,400
74070,400
74080,400
74090,400
74100,400
74110,400
74120,400
74130,400
74140,400
74150,400
74160,400
74170,400
74180,400
74190,400
74200,400
74210,400
74220,400
74230,400
74240,400
74250,400
74260,400
74270,400
74280,400
74290,400
74300,400
74310,400
74320,400
74330,400
74340,400
74350,400
74360,400
74370,400
74380,400
74390,400
74400,400
74410,400
74420,400
74430,400
74440,400
74450,400
74460,400
74470,400
74480,400
74490,400
74500,400
74510,400
74520,400
74530,400
74540,400
74550,400
74560,400
74570,400
74580,400
74590,400
74600,400
74610,400
74620,400
74630,400
74640,400
74650,400
74660,400
74670,400
74680,400
74690,400
74700,400
74710,400
74720,400
74730,400
74740,400
74750,400
74760,400
74770,400
74780,400
74790,400
74800,400
74810,400
74820,400
74830,400
74840,400
74850,400
74860,400
74870,400
74880,400
74890,400
74900,400
74910,400
74920,400
74930,400
74940,400
74950,400
74960,400
74970,400
74980,400
74990,400
75000,400
75010,400
75020,400
75030,400
75040,400
75050,400
75060,400
75070,400
75080,400
75090,400
75100,400
75110,400
75120,400
75130,400
75140,400
75150,400
75160,400
75170,400
75180,400
75190,400
75200,400
75210,400
75220,400
75230,400
75240,400
75250,400
75260,400
75270,400
75280,400
75290,400
75300,400
75310,400
75320,400
75330,400
75340,400
75350,400
75360,400
75370,400
75380,400
75390,400
75400,400
75410,400
75420,400
75430,400
75440,400
75450,400
75460,400
75470,400
75480,400
75490,400
75500,400
75510,400
75520,400
75530,400
75540,400
75550,400
75560,400
75570,400
75580,400
75590,400
75600,400
75610,400
75620,400
75630,400
75640,400
75650,400
75660,400
75670,400
75680,400
75690,400
75700,400
75710,400
75720,400
75730,400
75740,400
75750,400
75760,400
75770,400
75780,400
75790,400
75800,400
75810,400
75820,400
75830,400
75840,400
75850,400
75860,400
75870,400
75880,400
75890,400
75900,400
75910,400
75920,400
75930,400
75940,400
75950,400
75960,400
75970,400
75980,400
75990,400
76000,400
76010,400
76020,400
76030,400
76040,400
76050,400
76060,400
76070,400
76080,400
76090,400
76100,400
76110,400
76120,400
76130,400
76140,400
76150,400
76160,400
76170,400
76180,400
76190,400
76200,400
76210,400
76220,400
76230,400
76240,400
76250,400
76260,400
76270,400
76280,400
76290,400
76300,400
76310,400
76320,400
76330,400
76340,400
76350,400
76360,400
76370,400
76380,400
76390,400
76400,400
76410,400
76420,400
76430,400
76440,400
76450,400
76460,400
76470,400
76480,400
76490,400
76500,400
76510,400
76520,400
76530,400
76540,400
76550,400
76560,400
76570,400
76580,400
76590,400
76600,400
76610,400
76620,400
76630,400
76640,400
76650,400
76660,400
76670,400
76680,400
76690,400
76700,400
76710,400
76720,400
76730,400
76740,400
76750,400
76760,400
76770,400
76780,400
76790,400
76800,400
76810,400
76820,400
76830,400
76840,400
76850,400
76860,400
76870,400
76880,400
76890,400
76900,400
76910,400
76920,400
76930,400
76940,400
76950,400
76960,400
76970,400
76980,400
76990,400
77000,400
77010,400
77020,400
77030,400
77040,400
77050,400
77060,400
77070,400
77080,400
77090,400
77100,400
77110,400
77120,400
77130,400
77140,400
77150,400
77160,400
77170,400
77180,400
77190,400
77200,400
77210,400
77220,400
77230,400
77240,400
77250,400
77260,400
77270,400
77280,400
77290,400
77300,400
77310,400
77320,400
77330,400
77340,400
77350,400
77360,400
77370,400
77380,400
77390,400
77400,400
77410,400
77420,400
77430,400
77440,400
77450,400
77460,400
77470,400
77480,400
77490,400
77500,400
77510,400
77520,400
77530,400
77540,400
77550,400
77560,400
77570,400
77580,400
77590,400
77600,400
77610,400
77620,400
77630,400
77640,400
77650,400
77660,400
77670,400
77680,400
77690,400
77700,400
77710,400
77720,400
77730,400
77740,400
77750,400
77760,400
77770,400
77780,400
77790,400
77800,400
77810,400
77820,400
77830,400
77840,400
77850,400
77860,400
77870,400
77880,400
77890,400
77900,400
77910,400
77920,400
77930,400
77940,400
77950,400
77960,400
77970,400
77980,400
77990,400
78000,400
78010,400
78020,400
78030,400
78040,400
78050,400
78060,400
78070,400
78080,400
78090,400
78100,400
78110,400
78120,400
78130,400
78140,400
78150,400
78160,400
78170,400
78180,400
78190,400
78200,400
78210,400
78220,400
78230,400
78240,400
78250,400
78260,400
78270,400
78280,400
78290,400
78300,400
78310,400
78320,400
78330,400
78340,400
78350,400
78360,400
78370,400
78380,400
78390,400
78400,400
78410,400
78420,400
78430,400
78440,400
78450,400
78460,400
78470,400
78480,400
78490,400
78500,400
78510,400
78520,400
78530,400
78540,400
78550,400
78560,400
78570,400
78580,400
78590,400
78600,400
78610,400
78620,400
78630,400
78640,400
78650,400
78660,400
78670,400
78680,400
78690,400
78700,400
78710,400
78720,400
78730,400
78740,400
78750,400
78760,400
78770,400
78780,400
78790,400
78800,400
78810,400
78820,400
78830,400
78840,400
78850,400
78860,400
78870,400
78880,400
78890,400
78900,400
78910,400
78920,400
78930,400
78940,400
78950,400
78960,400
78970,400
78980,400
78990,400
79000,400
79010,400
79020,400
79030,400
79040,400
79050,400
79060,400
79070,400
79080,400
79090,400
79100,400
79110,400
79120,400
79130,400
79140,400
79150,400
79160,400
79170,400
79180,400
79190,400
79200,400
79210,400
79220,400
79230,400
79240,400
79250,400
79260,400
79270,400
79280,400
79290,400
79300,400
79310,400
79320,400
79330,400
79340,400
79350,400
79360,400
79370,400
79380,400
79390,400
79400,400
79410,400
79420,400
79430,400
79440,400
79450,400
79460,400
79470,400
79480,400
79490,400
79500,400
79510,400
79520,400
79530,400
79540,400
79550,400
79560,400
79570,400
79580,400
79590,400
79600,400
79610,400
79620,400
79630,400
79640,400
79650,400
79660,400
79670,400
79680,400
79690,400
79700,400
79710,400
79720,400
79730,400
79740,400
79750,400
79760,400
79770,400
79780,400
79790,400
79800,400
79810,400
79820,400
79830,400
79840,400
79850,400
79860,400
79870,400
79880,400
79890,400
79900,400
79910,400
79920,400
79930,400
79940,400
79950,400
79960,400
79970,400
79980,400
79990,400
80000,400
80010,400
80020,400
80030,400
80040,400
80050,400
80060,400
80070,400
80080,400
80090,400
80100,400
80110,400
80120,400
80130,400
80140,400
80150,400
80160,400
80170,400
80180,400
80190,400
80200,400
80210,400
80220,400
80230,400
80240,400
80250,400
80260,400
80270,400
80280,400
80290,400
80300,400
80310,400
80320,400
80330,400
80340,400
80350,400
80360,400
80370,400
80380,400
80390,400
80400,400
80410,400
80420,400
80430,400
80440,400
80450,400
80460,400
80470,400
80480,400
80490,400
80500,400
80510,400
80520,400
80530,400
80540,400
80550,400
80560,400
80570,400
80580,400
80590,400
80600,400
80610,400
80620,400
80630,400
80640,400
80650,400
80660,400
80670,400
80680,400
80690,400
80700,400
80710,400
80720,400
80730,400
80740,400
80750,400
80760,400
80770,400
80780,400
80790,400
80800,400
80810,400
80820,400
80830,400
80840,400
80850,400
80860,400
80870,400
80880,400
80890,400
80900,400
80910,400
80920,400
80930,400
80940,400
80950,400
80960,400
80970,400
80980,400
80990,400
81000,400
81010,400
81020,400
81030,400
81040,400
81050,400
81060,400
81070,400
81080,400
81090,400
81100,400
81110,400
81120,400
81130,400
81140,400
81150,400
81160,400
81170,400
81180,400
81190,400
81200,400
81210,400
81220,400
81230,400
81240,400
81250,400
81260,400
81270,400
81280,400
81290,400
81300,400
81310,400
81320,400
81330,400
81340,400
81350,400
81360,400
81370,400
81380,400
81390,400
81400,400
81410,400
81420,400
81430,400
81440,400
81450,400
81460,400
81470,400
81480,400
81490,400
81500,400
81510,400
81520,400
81530,400
81540,400
81550,400
81560,400
81570,400
81580,400
81590,400
81600,400
81610,400
81620,400
81630,400
81640,400
81650,400
81660,400
81670,400
81680,400
81690,400
81700,400
81710,400
81720,400
81730,400
81740,400
81750,400
81760,400
81770,400
81780,400
81790,400
81800,400
81810,400
81820,400
81830,400
81840,400
81850,400
81860,400
81870,400
81880,400
81890,400
81900,400
81910,400
81920,400
81930,400
81940,400
81950,400
81960,400
81970,400
81980,400
81990,400
82000,400
82010,400
82020,400
82030,400
82040,400
82050,400
82060,400
82070,400
82080,400
82090,400
82100,400
82110,400
82120,400
82130,400
82140,400
82150,400
82160,400
82170,400
82180,400
82190,400
82200,400
82210,400
82220,400
82230,400
82240,400
82250,400
82260,400
82270,400
82280,400
82290,400
82300,400
82310,400
82320,400
82330,400
82340,400
82350,400
82360,400
82370,400
82380,400
82390,400
82400,400
82410,400
82420,400
82430,400
82440,400
82450,400
82460,400
82470,400
82480,400
82490,400
82500,400
82510,400
82520,400
82530,400
82540,400
82550,400
82560,400
82570,400
82580,400
82590,400
82600,400
82610,400
82620,400
82630,400
82640,400
82650,400
82660,400
82670,400
82680,400
82690,400
82700,400
82710,400
82720,400
82730,400
82740,400
82750,400
82760,400
82770,400
82780,400
82790,400
82800,400
82810,400
82820,400
82830,400
82840,400
82850,400
82860,400
82870,400
82880,400
82890,400
82900,400
82910,400
82920,400
82930,400
82940,400
82950,400
82960,400
82970,400
82980,400
82990,400
83000,400
83010,400
83020,400
83030,400
83040,400
83050,400
83060,400
83070,400
83080,400
83090,400
83100,400
83110,400
83120,400
83130,400
83140,400
83150,400
83160,400
83170,400
83180,400
83190,400
83200,400
83210,400
83220,400
83230,400
83240,400
83250,400
83260,400
83270,400
83280,400
83290,400
83300,400
83310,400
83320,400
83330,400
83340,400
83350,400
83360,400
83370,400
83380,400
83390,400
83400,400
83410,400
83420,400
83430,400
83440,400
83450,400
83460,400
83470,400
83480,400
83490,400
83500,400
83510,400
83520,400
83530,400
83540,400
83550,400
83560,400
83570,400
83580,400
83590,400
83600,400
83610,400
83620,400
83630,400
83640,400
83650,400
83660,400
83670,400
83680,400
83690,400
83700,400
83710,400
83720,400
83730,400
83740,400
83750,400
83760,400
83770,400
83780,400
83790,400
83800,400
83810,400
83820,400
83830,400
83840,400
83850,400
83860,400
83870,400
83880,400
83890,400
83900,400
83910,400
83920,400
83930,400
83940,400
83950,400
83960,400
83970,400
83980,400
83990,400
84000,400
84010,400
84020,400
84030,400
84040,400
84050,400
84060,400
84070,400
84080,400
84090,400
84100,400
84110,400
84120,400
84130,400
84140,400
84150,400
84160,400
84170,400
84180,400
84190,400
84200,400
84210,400
84220,400
84230,400
84240,400
84250,400
84260,400
84270,400
84280,400
84290,400
84300,400
84310,400
84320,400
84330,400
84340,400
84350,400
84360,400
84370,400
84380,400
84390,400
84400,400
84410,400
84420,400
84430,400
84440,400
84450,400
84460,400
84470,400
84480,400
84490,400
84500,400
84510,400
84520,400
84530,400
84540,400
84550,400
84560,400
84570,400
84580,400
84590,400
84600,400
84610,400
84620,400
84630,400
84640,400
84650,400
84660,400
84670,400
84680,400
84690,400
84700,400
84710,400
84720,400
84730,400
84740,400
84750,400
84760,400
84770,400
84780,400
84790,400
84800,400
84810,400
84820,400
84830,400
84840,400
84850,400
84860,400
84870,400
84880,400
84890,400
84900,400
84910,400
84920,400
84930,400
84940,400
84950,400
84960,400
84970,400
84980,400
84990,400
85000,400
85010,400
85020,400
85030,400
85040,400
85050,400
85060,400
85070,400
85080,400
85090,400
85100,400
85110,400
85120,400
85130,400
85140,400
85150,400
85160,400
85170,400
85180,400
85190,400
85200,400
85210,400
85220,400
85230,400
85240,400
85250,400
85260,400
85270,400
85280,400
85290,400
85300,400
85310,400
85320,400
85330,400
85340,400
85350,400
85360,400
85370,400
85380,400
85390,400
85400,400
85410,400
85420,400
85430,400
85440,400
85450,400
85460,400
85470,400
85480,400
85490,400
85500,400
85510,400
85520,400
85530,400
85540,400
85550,400
85560,400
85570,400
85580,400
85590,400
85600,400
85610,400
85620,400
85630,400
85640,400
85650,400
85660,400
85670,400
85680,400
85690,400
85700,400
85710,400
85720,400
85730,400
85740,400
85750,400
85760,400
85770,400
85780,400
85790,400
85800,400
85810,400
85820,400
85830,400
85840,400
85850,400
85860,400
85870,400
85880,400
85890,400
85900,400
85910,400
85920,400
85930,400
85940,400
85950,400
85960,400
85970,400
85980,400
85990,400
86000,400
86010,400
86020,400
86030,400
86040,400
86050,400
86060,400
86070,400
86080,400
86090,400
86100,400
86110,400
86120,400
86130,400
86140,400
86150,400
86160,400
86170,400
86180,400
86190,400
86200,400
86210,400
86220,400
86230,400
86240,400
86250,400
86260,400
86270,400
86280,400
86290,400
86300,400
86310,400
86320,400
86330,400
86340,400
86350,400
86360,400
86370,400
86380,400
86390,400
86400,400
86410,400
86420,400
86430,400
86440,400
86450,400
86460,400
86470,400
86480,400
86490,400
86500,400
86510,400
86520,400
86530,400
86540,400
86550,400
86560,400
86570,400
86580,400
86590,400
86600,400
86610,400
86620,400
86630,400
86640,400
86650,400
86660,400
86670,400
86680,400
86690,400
86700,400
86710,400
86720,400
86730,400
86740,400
86750,400
86760,400
86770,400
86780,400
86790,400
86800,400
86810,400
86820,400
86830,400
86840,400
86850,400
86860,400
86870,400
86880,400
86890,400
86900,400
86910,400
86920,400
86930,400
86940,400
86950,400
86960,400
86970,400
86980,400
86990,400
87000,400
87010,400
87020,400
87030,400
87040,400
87050,400
87060,400
87070,400
87080,400
87090,400
87100,400
87110,400
87120,400
87130,400
87140,400
87150,400
87160,400
87170,400
87180,400
87190,400
87200,400
87210,400
87220,400
87230,400
87240,400
87250,400
87260,400
87270,400
87280,400
87290,400
87300,400
87310,400
87320,400
87330,400
87340,400
87350,400
87360,400
87370,400
87380,400
87390,400
87400,400
87410,400
87420,400
87430,400
87440,400
87450,400
87460,400
87470,400
87480,400
87490,400
87500,400
87510,400
87520,400
87530,400
87540,400
87550,400
87560,400
87570,400
87580,400
87590,400
87600,400
87610,400
87620,400
87630,400
87640,400
87650,400
87660,400
87670,400
87680,400
87690,400
87700,400
87710,400
87720,400
87730,400
87740,400
87750,400
87760,400
87770,400
87780,400
87790,400
87800,400
87810,400
87820,400
87830,400
87840,400
87850,400
87860,400
87870,400
87880,400
87890,400
87900,400
87910,400
87920,400
87930,400
87940,400
87950,400
87960,400
87970,400
87980,400
87990,400
88000,400
88010,400
88020,400
88030,400
88040,400
88050,400
88060,400
88070,400
88080,400
88090,400
88100,400
88110,400
88120,400
88130,400
88140,400
88150,400
88160,400
88170,400
88180,400
88190,400
88200,400
88210,400
88220,400
88230,400
88240,400
88250,400
88260,400
88270,400
88280,400
88290,400
88300,400
88310,400
88320,400
88330,400
88340,400
88350,400
88360,400
88370,400
88380,400
88390,400
88400,400
88410,400
88420,400
88430,400
88440,400
88450,400
88460,400
88470,400
88480,400
88490,400
88500,400
88510,400
88520,400
88530,400
88540,400
88550,400
88560,400
88570,400
88580,400
88590,400
88600,400
88610,400
88620,400
88630,400
88640,400
88650,400
88660,400
88670,400
88680,400
88690,400
88700,400
88710,400
88720,400
88730,400
88740,400
88750,400
88760,400
88770,400
88780,400
88790,400
88800,400
88810,400
88820,400
88830,400
88840,400
88850,400
88860,400
88870,400
88880,400
88890,400
88900,400
88910,400
88920,400
88930,400
88940,400
88950,400
88960,400
88970,400
88980,400
88990,400
89000,400
89010,400
89020,400
89030,400
89040,400
89050,400
89060,400
89070,400
89080,400
89090,400
89100,400
89110,400
89120,400
89130,400
89140,400
89150,400
89160,400
89170,400
89180,400
89190,400
89200,400
89210,400
89220,400
89230,400
89240,400
89250,400
89260,400
89270,400
89280,400
89290,400
89300,400
89310,400
89320,400
89330,400
89340,400
89350,400
89360,400
89370,400
89380,400
89390,400
89400,400
89410,400
89420,400
89430,400
89440,400
89450,400
89460,400
89470,400
89480,400
89490,400
89500,400
89510,400
89520,400
89530,400
89540,400
89550,400
89560,400
89570,400
89580,400
89590,400
89600,400
89610,400
89620,400
89630,400
89640,400
89650,400
89660,400
89670,400
89680,400
89690,400
89700,400
89710,400
89720,400
89730,400
89740,400
89750,400
89760,400
89770,400
89780,400
89790,400
89800,400
89810,400
89820,400
89830,400
89840,400
89850,400
89860,400
89870,400
89880,400
89890,400
89900,400
89910,400
89920,400
89930,400
89940,400
89950,400
89960,400
89970,400
89980,400
89990,400
90000,400
90010,400
90020,400
90030,400
90040,400
90050,400
90060,400
90070,400
90080,400
90090,400
90100,400
90110,400
90120,400
90130,400
90140,400
90150,400
90160,400
90170,400
90180,400
90190,400
90200,400
90210,400
90220,400
90230,400
90240,400
90250,400
90260,400
90270,400
90280,400
90290,400
90300,400
90310,400
90320,400
90330,400
90340,400
90350,400
90360,400
90370,400
90380,400
90390,400
90400,400
90410,400
90420,400
90430,400
90440,400
90450,400
90460,400
90470,400
90480,400
90490,400
90500,400
90510,400
90520,400
90530,400
90540,400
90550,400
90560,400
90570,400
90580,400
90590,400
90600,400
90610,400
90620,400
90630,400
90640,400
90650,400
90660,400
90670,400
90680,400
90690,400
90700,400
90710,400
90720,400
90730,400
90740,400
90750,400
90760,400
90770,400
90780,400
90790,400
90800,400
90810,400
90820,400
90830,400
90840,400
90850,400
90860,400
90870,400
90880,400
90890,400
90900,400
90910,400
90920,400
90930,400
90940,400
90950,400
90960,400
90970,400
90980,400
90990,400
91000,400
91010,400
91020,400
91030,400
91040,400
91050,400
91060,400
91070,400
91080,400
91090,400
91100,400
91110,400
91120,400
91130,400
91140,400
91150,400
91160,400
91170,400
91180,400
91190,400
91200,400
91210,400
91220,400
91230,400
91240,400
91250,400
91260,400
91270,400
91280,400
91290,400
91300,400
91310,400
91320,400
91330,400
91340,400
91350,400
91360,400
91370,400
91380,400
91390,400
91400,400
91410,400
91420,400
91430,400
91440,400
91450,400
91460,400
91470,400
91480,400
91490,400
91500,400
91510,400
91520,400
91530,400
91540,400
91550,400
91560,400
91570,400
91580,400
91590,400
91600,400
91610,400
91620,400
91630,400
91640,400
91650,400
91660,400
91670,400
91680,400
91690,400
91700,400
91710,400
91720,400
91730,400
91740,400
91750,400
91760,400
91770,400
91780,400
91790,400
91800,400
91810,400
91820,400
91830,400
91840,400
91850,400
91860,400
91870,400
91880,400
91890,400
91900,400
91910,400
91920,400
91930,400
91940,400
91950,400
91960,400
91970,400
91980,400
91990,400
92000,400
92010,400
92020,400
92030,400
92040,400
92050,400
92060,400
92070,400
92080,400
92090,400
92100,400
92110,400
92120,400
92130,400
92140,400
92150,400
92160,400
92170,400
92180,400
92190,400
92200,400
92210,400
92220,400
92230,400
92240,400
92250,400
92260,400
92270,400
92280,400
92290,400
92300,400
92310,400
92320,400
92330,400
92340,400
92350,400
92360,400
92370,400
92380,400
92390,400
92400,400
92410,400
92420,400
92430,400
92440,400
92450,400
92460,400
92470,400
92480,400
92490,400
92500,400
92510,400
92520,400
92530,400
92540,400
92550,400
92560,400
92570,400
92580,400
92590,400
92600,400
92610,400
92620,400
92630,400
92640,400
92650,400
92660,400
92670,400
92680,400
92690,400
92700,400
92710,400
92720,400
92730,400
92740,400
92750,400
92760,400
92770,400
92780,400
92790,400
92800,400
92810,400
92820,400
92830,400
92840,400
92850,400
92860,400
92870,400
92880,400
92890,400
92900,400
92910,400
92920,400
92930,400
92940,400
92950,400
92960,400
92970,400
92980,400
92990,400
93000,400
93010,400
93020,400
93030,400
93040,400
93050,400
93060,400
93070,400
93080,400
93090,400
93100,400
93110,400
93120,400
93130,400
93140,400
93150,400
93160,400
93170,400
93180,400
93190,400
93200,400
93210,400
93220,400
93230,400
93240,400
93250,400
93260,400
93270,400
93280,400
93290,400
93300,400
93310,400
93320,400
93330,400
93340,400
93350,400
93360,400
93370,400
93380,400
93390,400
93400,400
93410,400
93420,400
93430,400
93440,400
93450,400
93460,400
93470,400
93480,400
93490,400
93500,400
93510,400
93520,400
93530,400
93540,400
93550,400
93560,400
93570,400
93580,400
93590,400
93600,400
93610,400
93620,400
93630,400
93640,400
93650,400
93660,400
93670,400
93680,400
93690,400
93700,400
93710,400
93720,400
93730,400
93740,400
93750,400
93760,400
93770,400
93780,400
93790,400
93800,400
93810,400
93820,400
93830,400
93840,400
93850,400
93860,400
93870,400
93880,400
93890,400
93900,400
93910,400
93920,400
93930,400
93940,400
93950,400
93960,400
93970,400
93980,400
93990,400
94000,400
94010,400
94020,400
94030,400
94040,400
94050,400
94060,400
94070,400
94080,400
94090,400
94100,400
94110,400
94120,400
94130,400
94140,400
94150,400
94160,400
94170,400
94180,400
94190,400
94200,400
94210,400
94220,400
94230,400
94240,400
94250,400
94260,400
94270,400
94280,400
94290,400
94300,400
94310,400
94320,400
94330,400
94340,400
94350,400
94360,400
94370,400
94380,400
94390,400
94400,400
94410,400
94420,400
94430,400
94440,400
94450,400
94460,400
94470,400
94480,400
94490,400
94500,400
94510,400
94520,400
94530,400
94540,400
94550,400
94560,400
94570,400
94580,400
94590,400
94600,400
94610,400
94620,400
94630,400
94640,400
94650,400
94660,400
94670,400
94680,400
94690,400
94700,400
94710,400
94720,400
94730,400
94740,400
94750,400
94760,400
94770,400
94780,400
94790,400
94800,400
94810,400
94820,400
94830,400
94840,400
94850,400
94860,400
94870,400
94880,400
94890,400
94900,400
94910,400
94920,400
94930,400
94940,400
94950,400
94960,400
94970,400
94980,400
94990,400
95000,400
95010,400
95020,400
95030,400
95040,400
95050,400
95060,400
95070,400
95080,400
95090,400
95100,400
95110,400
95120,400
95130,400
95140,400
95150,400
95160,400
95170,400
95180,400
95190,400
95200,400
95210,400
95220,400
95230,400
95240,400
95250,400
95260,400
95270,400
95280,400
95290,400
95300,400
95310,400
95320,400
95330,400
95340,400
95350,400
95360,400
95370,400
95380,400
95390,400
95400,400
95410,400
95420,400
95430,400
95440,400
95450,400
95460,400
95470,400
95480,400
95490,400
95500,400
95510,400
95520,400
95530,400
95540,400
95550,400
95560,400
95570,400
95580,400
95590,400
95600,400
95610,400
95620,400
95630,400
95640,400
95650,400
95660,400
95670,400
95680,400
95690,400
95700,400
95710,400
95720,400
95730,400
95740,400
95750,400
95760,400
95770,400
95780,400
95790,400
95800,400
95810,400
95820,400
95830,400
95840,400
95850,400
95860,400
95870,400
95880,400
95890,400
95900,400
95910,400
95920,400
95930,400
95940,400
95950,400
95960,400
95970,400
95980,400
95990,400
96000,400
96010,400
96020,400
96030,400
96040,400
96050,400
96060,400
96070,400
96080,400
96090,400
96100,400
96110,400
96120,400
96130,400
96140,400
96150,400
96160,400
96170,400
96180,400
96190,400
96200,400
96210,400
96220,400
96230,400
96240,400
96250,400
96260,400
96270,400
96280,400
96290,400
96300,400
96310,400
96320,400
96330,400
96340,400
96350,400
96360,400
96370,400
96380,400
96390,400
96400,400
96410,400
96420,400
96430,400
96440,400
96450,400
96460,400
96470,400
96480,400
96490,400
96500,400
96510,400
96520,400
96530,400
96540,400
96550,400
96560,400
96570,400
96580,400
96590,400
96600,400
96610,400
96620,400
96630,400
96640,400
96650,400
96660,400
96670,400
96680,400
96690,400
96700,400
96710,400
96720,400
96730,400
96740,400
96750,400
96760,400
96770,400
96780,400
96790,400
96800,400
96810,400
96820,400
96830,400
96840,400
96850,400
96860,400
96870,400
96880,400
96890,400
96900,400
96910,400
96920,400
96930,400
96940,400
96950,400
96960,400
96970,400
96980,400
96990,400
97000,400
97010,400
97020,400
97030,400
97040,400
97050,400
97060,400
97070,400
97080,400
97090,400
97100,400
97110,400
97120,400
97130,400
97140,400
97150,400
97160,400
97170,400
97180,400
97190,400
97200,400
97210,400
97220,400
97230,400
97240,400
97250,400
97260,400
97270,400
97280,400
97290,400
97300,400
97310,400
97320,400
97330,400
97340,400
97350,400
97360,400
97370,400
97380,400
97390,400
97400,400
97410,400
97420,400
97430,400
97440,400
97450,400
97460,400
97470,400
97480,400
97490,400
97500,400
97510,400
97520,400
97530,400
97540,400
97550,400
97560,400
97570,400
97580,400
97590,400
97600,400
97610,400
97620,400
97630,400
97640,400
97650,400
97660,400
97670,400
97680,400
97690,400
97700,400
97710,400
97720,400
97730,400
97740,400
97750,400
97760,400
97770,400
97780,400
97790,400
97800,400
97810,400
97820,400
97830,400
97840,400
97850,400
97860,400
97870,400
97880,400
97890,400
97900,400
97910,400
97920,400
97930,400
97940,400
97950,400
97960,400
97970,400
97980,400
97990,400
98000,400
98010,400
98020,400
98030,400
98040,400
98050,400
98060,400
98070,400
98080,400
98090,400
98100,400
98110,400
98120,400
98130,400
98140,400
98150,400
98160,400
98170,400
98180,400
98190,400
98200,400
98210,400
98220,400
98230,400
98240,400
98250,400
98260,400
98270,400
98280,400
98290,400
98300,400
98310,400
98320,400
98330,400
98340,400
98350,400
98360,400
98370,400
98380,400
98390,400
98400,400
98410,400
98420,400
98430,400
98440,400
98450,400
98460,400
98470,400
98480,400
98490,400
98500,400
98510,400
98520,400
98530,400
98540,400
98550,400
98560,400
98570,400
98580,400
98590,400
98600,400
98610,400
98620,400
98630,400
98640,400
98650,400
98660,400
98670,400
98680,400
98690,400
98700,400
98710,400
98720,400
98730,400
98740,400
98750,400
98760,400
98770,400
98780,400
98790,400
98800,400
98810,400
98820,400
98830,400
98840,400
98850,400
98860,400
98870,400
98880,400
98890,400
98900,400
98910,400
98920,400
98930,400
98940,400
98950,400
98960,400
98970,400
98980,400
98990,400
99000,400
99010,400
99020,400
99030,400
99040,400
99050,400
99060,400
99070,400
99080,400
99090,400
99100,400
99110,400
99120,400
99130,400
99140,400
99150,400
99160,400
99170,400
99180,400
99190,400
99200,400
99210,400
99220,400
99230,400
99240,400
99250,400
99260,400
99270,400
99280,400
99290,400
99300,400
99310,400
99320,400
99330,400
99340,400
99350,400
99360,400
99370,400
99380,400
99390,400
99400,400
99410,400
99420,400
99430,400
99440,400
99450,400
99460,400
99470,400
99480,400
99490,400
99500,400
99510,400
99520,400
99530,400
99540,400
99550,400
99560,400
99570,400
99580,400
99590,400
99600,400
99610,400
99620,400
99630,400
99640,400
99650,400
99660,400
99670,400
99680,400
99690,400
99700,400
99710,400
99720,400
99730,400
99740,400
99750,400
99760,400
99770,400
99780,400
99790,400
99800,400
99810,400
99820,400
99830,400
99840,400
99850,400
99860,400
99870,400
99880,400
99890,400
99900,400
99910,400
99920,400
99930,400
99940,400
99950,400
99960,400
99970,400
99980,400
99990,400
