Role,Seed,VTR,mean_IntVal,Hist_-1_-0.9,Hist_-0.9_-0.8,Hist_-0.8_-0.7,Hist_-0.7_-0.6,Hist_-0.6_-0.5,Hist_-0.5_-0.4,Hist_-0.4_-0.3,Hist_-0.3_-0.2,Hist_-0.2_-0.1,Hist_-0.1_0,Hist_0_0.1,Hist_0.1_0.2,Hist_0.2_0.3,Hist_0.3_0.4,Hist_0.4_0.5,Hist_0.5_0.6,Hist_0.6_0.7,Hist_0.7_0.8,Hist_0.8_0.9,Hist_0.9_1
S,10.0,0.8,0.321243,0,0,0,0,0,0,0,0,0,0,0,0,110,196,22,0,0,0,0,0
S,6.0,0.2,0.259028,0,0,0,0,0,0,0,0,0,0,0,6,115,33,0,0,0,0,0,0
S,5.0,0.3,0.266426,0,0,0,0,0,0,0,0,0,0,0,5,137,46,0,0,0,0,0,0
H,10.0,0.9,0.698417,0,0,0,0,0,0,0,0,0,0,0,0,0,9,92,89,15,27,37,131
H,11.0,1.0,0.550154,0,0,0,0,0,0,0,0,0,0,0,7,37,85,44,66,78,9,44,30
S,18.0,0.7,0.32461,0,0,0,0,0,0,0,0,0,0,0,0,148,81,51,8,0,0,0,0
H,6.0,1.0,0.786736,0,0,0,0,0,0,0,0,0,0,0,0,3,10,26,24,16,92,117,112
S,2.0,0.5,0.34575,0,0,0,0,0,0,0,0,0,0,0,2,58,130,41,0,0,0,0,0
H,6.0,0.9,0.515584,0,0,0,0,0,0,0,0,0,0,4,11,55,80,12,65,100,50,20,3
H,20.0,0.8,0.849181,0,0,0,0,0,0,0,0,0,0,0,0,0,0,1,1,52,76,108,162
S,19.0,1.0,0.611695,0,0,0,0,0,0,0,0,0,0,0,0,3,38,73,58,86,124,18,0
H,4.0,0.2,-0.506239,0,0,0,25,193,160,22,0,0,0,0,0,0,0,0,0,0,0,0,0
H,10.0,0.6,0.65946,0,0,0,0,0,0,0,0,0,0,0,0,14,28,22,68,95,73,76,24
H,19.0,0.7,0.81007,0,0,0,0,0,0,0,0,0,0,0,0,0,0,0,14,70,116,78,122
S,9.0,0.3,0.272586,0,0,0,0,0,0,0,0,0,0,0,8,104,61,0,0,0,0,0,0
S,6.0,0.5,0.310867,0,0,0,0,0,0,0,0,0,0,0,2,138,82,34,2,0,0,0,0
S,14.0,0.4,0.289971,0,0,0,0,0,0,0,0,0,0,0,9,85,83,1,0,0,0,0,0
S,8.0,0.0,-0.977747,203,0,0,0,0,0,0,0,0,0,0,0,0,0,0,0,0,0,0,0
H,16.0,0.0,-0.465139,0,0,0,7,107,219,67,0,0,0,0,0,0,0,0,0,0,0,0,0
S,10.0,0.9,0.390001,0,0,0,0,0,0,0,0,0,0,0,1,58,156,91,54,0,0,0,0
S,1.0,0.0,-0.976419,203,0,0,0,0,0,0,0,0,0,0,0,0,0,0,0,0,0,0,0
H,10.0,0.3,0.726192,0,0,0,0,0,0,0,0,0,0,0,0,0,0,1,73,115,79,98,34
H,5.0,0.8,0.800833,0,0,0,0,0,0,0,0,0,0,0,0,0,0,0,15,37,170,108,70
S,11.0,0.4,0.273514,0,0,0,0,0,0,0,0,0,0,0,7,127,54,0,0,0,0,0,0
H,2.0,0.0,-0.514445,0,0,7,28,218,119,25,3,0,0,0,0,0,0,0,0,0,0,0,0
H,14.0,0.0,-0.495834,0,0,0,8,207,165,18,2,0,0,0,0,0,0,0,0,0,0,0,0
S,2.0,0.1,-0.968861,213,0,0,0,0,0,0,0,0,0,0,0,0,0,0,0,0,0,0,0
S,2.0,0.3,0.264088,0,0,0,0,0,0,0,0,0,0,0,2,137,17,0,0,0,0,0,0
S,7.0,0.6,0.321411,0,0,0,0,0,0,0,0,0,0,0,0,74,146,16,0,0,0,0,0
S,14.0,0.9,0.608458,0,0,0,0,0,0,0,0,0,0,0,0,0,0,49,144,102,51,11,2
S,7.0,1.0,0.592588,0,0,0,0,0,0,0,0,0,0,0,0,18,48,71,31,86,142,4,0
H,15.0,0.6,0.845628,0,0,0,0,0,0,0,0,0,0,0,0,0,0,0,12,40,104,72,172
S,4.0,1.0,0.789063,0,0,0,0,0,0,0,0,0,0,0,0,0,2,56,35,4,25,164,114
S,16.0,0.8,0.323075,0,0,0,0,0,0,0,0,0,0,0,4,128,165,15,15,0,0,0,0
S,12.0,1.0,0.485943,0,0,0,0,0,0,0,0,0,0,0,0,92,100,56,25,52,16,51,8
H,13.0,0.6,0.254476,0,0,0,0,0,0,0,0,0,0,24,125,119,75,45,12,0,0,0,0
H,19.0,1.0,0.472398,0,0,0,0,0,0,0,0,0,0,2,66,48,64,36,35,76,22,47,4
S,8.0,0.6,0.301508,0,0,0,0,0,0,0,0,0,0,0,0,129,155,0,0,0,0,0,0
S,16.0,0.1,-0.977296,229,3,0,0,0,0,0,0,0,0,0,0,0,0,0,0,0,0,0,0
S,15.0,1.0,0.823686,0,0,0,0,0,0,0,0,0,0,0,0,0,0,7,13,74,41,131,134
S,11.0,0.8,0.319477,0,0,0,0,0,0,0,0,0,0,0,3,128,154,31,4,0,0,0,0
H,14.0,0.1,-0.517547,0,0,1,25,223,144,7,0,0,0,0,0,0,0,0,0,0,0,0,0
S,13.0,0.1,-0.958956,180,16,0,0,0,0,0,0,0,0,0,0,0,0,0,0,0,0,0,0
S,12.0,0.3,0.270982,0,0,0,0,0,0,0,0,0,0,0,0,145,29,0,0,0,0,0,0
S,6.0,0.9,0.92586,0,0,0,0,0,0,0,0,0,0,0,0,0,0,0,0,2,23,73,256
H,20.0,0.0,-0.485728,0,0,0,26,134,195,43,2,0,0,0,0,0,0,0,0,0,0,0,0
S,5.0,1.0,0.810656,0,0,0,0,0,0,0,0,0,0,0,0,0,0,0,1,71,135,101,92
S,8.0,1.0,0.419001,0,0,0,0,0,0,0,0,0,0,0,0,94,208,34,4,11,4,5,40
H,20.0,0.2,0.806958,0,0,0,0,0,0,0,0,0,0,0,0,0,0,0,2,52,135,147,64
H,4.0,0.7,0.742981,0,0,0,0,0,0,0,0,0,0,0,0,0,0,34,83,42,58,77,106
S,19.0,0.7,0.297386,0,0,0,0,0,0,0,0,0,0,0,2,155,149,6,0,0,0,0,0
S,6.0,0.6,0.315078,0,0,0,0,0,0,0,0,0,0,0,0,137,113,29,0,0,0,0,0
H,13.0,0.7,0.873939,0,0,0,0,0,0,0,0,0,0,0,0,0,0,0,0,14,69,138,179
S,5.0,0.8,0.323212,0,0,0,0,0,0,0,0,0,0,0,8,97,182,45,0,0,0,0,0
H,14.0,0.8,0.620837,0,0,0,0,0,0,0,0,0,0,0,0,0,2,113,98,80,40,29,38
H,18.0,0.2,0.330715,0,0,0,0,0,0,0,0,0,0,9,38,137,91,84,41,0,0,0,0
S,18.0,0.8,0.352809,0,0,0,0,0,0,0,0,0,0,0,4,129,84,109,11,0,0,0,0
H,3.0,0.7,0.890773,0,0,0,0,0,0,0,0,0,0,0,0,0,0,0,0,10,48,129,213
S,8.0,0.4,0.271258,0,0,0,0,0,0,0,0,0,0,0,3,136,64,0,0,0,0,0,0
S,10.0,0.5,0.312449,0,0,0,0,0,0,0,0,0,0,0,2,116,60,38,0,0,0,0,0
H,15.0,0.8,0.661066,0,0,0,0,0,0,0,0,0,0,0,0,3,22,85,54,35,94,69,38
S,18.0,0.1,-0.965229,215,3,0,0,0,0,0,0,0,0,0,0,0,0,0,0,0,0,0,0
S,15.0,0.4,0.249812,0,0,0,0,0,0,0,0,0,0,0,10,189,20,0,0,0,0,0,0
S,17.0,0.4,0.247551,0,0,0,0,0,0,0,0,0,0,0,11,168,17,0,0,0,0,0,0
S,11.0,0.9,0.529593,0,0,0,0,0,0,0,0,0,0,0,1,20,23,85,143,73,26,0,0
S,12.0,0.1,-0.961512,204,9,0,0,0,0,0,0,0,0,0,0,0,0,0,0,0,0,0,0
S,10.0,1.0,0.900249,0,0,0,0,0,0,0,0,0,0,0,0,0,0,0,0,0,24,173,203
S,4.0,0.6,0.291917,0,0,0,0,0,0,0,0,0,0,0,2,157,93,7,0,0,0,0,0
H,5.0,0.4,0.583661,0,0,0,0,0,0,0,0,0,0,0,0,2,55,88,90,68,47,35,15
S,18.0,0.0,-0.978177,173,0,0,0,0,0,0,0,0,0,0,0,0,0,0,0,0,0,0,0
H,19.0,0.0,-0.497987,0,0,0,28,166,181,24,1,0,0,0,0,0,0,0,0,0,0,0,0
H,3.0,0.0,-0.495626,0,0,0,9,160,226,5,0,0,0,0,0,0,0,0,0,0,0,0,0
S,13.0,0.2,0.238239,0,0,0,0,0,0,0,0,0,0,0,18,118,9,0,0,0,0,0,0
H,4.0,0.4,0.782702,0,0,0,0,0,0,0,0,0,0,0,0,0,0,0,41,102,74,77,106
H,11.0,0.2,0.28824,0,0,0,0,0,0,0,0,0,4,71,63,40,104,84,34,0,0,0,0
H,1.0,0.3,0.893638,0,0,0,0,0,0,0,0,0,0,0,0,0,0,0,0,15,55,105,225
S,1.0,0.5,0.2935,0,0,0,0,0,0,0,0,0,0,0,0,135,74,10,0,0,0,0,0
H,15.0,0.1,-0.468235,0,0,0,0,127,217,51,5,0,0,0,0,0,0,0,0,0,0,0,0
S,3.0,0.6,0.305257,0,0,0,0,0,0,0,0,0,0,0,4,113,161,0,0,0,0,0,0
H,3.0,0.1,-0.50827,0,0,3,37,200,126,32,2,0,0,0,0,0,0,0,0,0,0,0,0
H,17.0,0.0,-0.485819,0,0,0,14,160,188,37,1,0,0,0,0,0,0,0,0,0,0,0,0
S,15.0,0.2,0.274556,0,0,0,0,0,0,0,0,0,0,0,8,114,46,0,0,0,0,0,0
S,8.0,0.2,0.258517,0,0,0,0,0,0,0,0,0,0,0,14,125,35,0,0,0,0,0,0
S,6.0,0.7,0.303649,0,0,0,0,0,0,0,0,0,0,0,3,120,171,8,0,0,0,0,0
H,9.0,0.2,0.648461,0,0,0,0,0,0,0,0,0,1,6,11,11,17,70,118,16,0,24,126
H,12.0,0.7,0.512212,0,0,0,0,0,0,0,0,0,0,0,5,45,74,104,55,30,45,35,7
H,4.0,1.0,0.502734,0,0,0,0,0,0,0,0,0,0,15,8,13,43,103,109,85,24,0,0
H,11.0,0.1,-0.474737,0,0,0,11,137,194,58,0,0,0,0,0,0,0,0,0,0,0,0,0
H,5.0,0.0,-0.49416,0,0,0,17,162,208,13,0,0,0,0,0,0,0,0,0,0,0,0,0
H,19.0,0.6,0.182012,0,0,0,0,0,0,0,0,0,0,45,221,104,30,0,0,0,0,0,0
S,16.0,0.0,-0.973317,191,0,0,0,0,0,0,0,0,0,0,0,0,0,0,0,0,0,0,0
S,16.0,0.4,0.286615,0,0,0,0,0,0,0,0,0,0,0,7,92,62,11,0,0,0,0,0
S,5.0,0.5,0.270683,0,0,0,0,0,0,0,0,0,0,0,7,167,47,0,0,0,0,0,0
H,17.0,0.3,0.50889,0,0,0,0,0,0,0,0,0,0,0,0,0,47,182,81,63,25,2,0
H,10.0,0.4,0.677444,0,0,0,0,0,0,0,0,0,0,0,0,0,9,68,11,129,91,84,8
H,7.0,0.7,0.874075,0,0,0,0,0,0,0,0,0,0,0,0,0,0,0,0,5,75,145,175
H,12.0,0.6,0.606422,0,0,0,0,0,0,0,0,0,0,71,9,1,9,25,9,69,118,20,69
H,2.0,0.4,0.451842,0,0,0,0,0,0,0,0,0,0,0,16,46,82,105,86,44,21,0,0
H,17.0,0.1,-0.482506,0,0,0,20,131,217,30,2,0,0,0,0,0,0,0,0,0,0,0,0
S,4.0,0.7,0.325737,0,0,0,0,0,0,0,0,0,0,0,1,133,120,56,1,0,0,0,0
H,7.0,0.3,0.260244,0,0,0,0,0,0,0,0,0,2,64,21,133,160,20,0,0,0,0,0
S,5.0,0.0,-0.985702,202,0,0,0,0,0,0,0,0,0,0,0,0,0,0,0,0,0,0,0
S,14.0,0.7,0.34798,0,0,0,0,0,0,0,0,0,0,0,0,55,177,45,0,0,0,0,0
S,20.0,0.8,0.352435,0,0,0,0,0,0,0,0,0,0,0,1,80,134,96,0,0,0,0,0
H,6.0,0.1,-0.498526,0,0,0,8,180,202,10,0,0,0,0,0,0,0,0,0,0,0,0,0
S,17.0,0.9,0.341318,0,0,0,0,0,0,0,0,0,0,0,1,146,125,78,12,2,0,0,0
S,16.0,0.2,0.240174,0,0,0,0,0,0,0,0,0,0,0,9,108,4,0,0,0,0,0,0
H,13.0,0.4,0.33615,0,0,0,0,0,0,0,0,0,0,6,17,128,179,28,31,11,0,0,0
H,11.0,0.0,-0.479852,0,0,0,12,168,162,58,0,0,0,0,0,0,0,0,0,0,0,0,0
S,3.0,0.9,0.416491,0,0,0,0,0,0,0,0,0,0,0,1,65,115,96,73,19,0,0,0
H,15.0,1.0,0.583739,0,0,0,0,0,0,0,0,0,0,0,0,0,0,55,196,115,34,0,0
H,16.0,0.1,-0.491866,0,0,0,12,157,206,25,0,0,0,0,0,0,0,0,0,0,0,0,0
S,5.0,0.4,0.255371,0,0,0,0,0,0,0,0,0,0,0,3,190,10,0,0,0,0,0,0
H,3.0,0.5,0.572832,0,0,0,0,0,0,0,0,0,0,0,0,0,10,161,105,46,19,45,14
H,19.0,0.1,-0.488152,0,0,0,22,140,213,25,0,0,0,0,0,0,0,0,0,0,0,0,0
S,3.0,0.8,0.370813,0,0,0,0,0,0,0,0,0,0,0,2,57,158,86,24,0,0,0,0
H,12.0,0.0,-0.498652,0,0,3,62,122,152,60,1,0,0,0,0,0,0,0,0,0,0,0,0
S,15.0,0.9,0.444787,0,0,0,0,0,0,0,0,0,0,0,2,34,92,142,38,37,12,0,0
S,4.0,0.2,-0.961758,222,9,0,0,0,0,0,0,0,0,0,0,0,0,0,0,0,0,0,0
H,9.0,0.9,0.31756,0,0,0,0,0,0,0,0,0,0,17,49,148,87,40,52,5,2,0,0
S,17.0,0.0,-0.968463,182,3,0,0,0,0,0,0,0,0,0,0,0,0,0,0,0,0,0,0
H,9.0,1.0,0.419277,0,0,0,0,0,0,0,0,0,1,6,0,31,164,95,74,29,0,0,0
S,7.0,0.1,-0.971431,214,2,0,0,0,0,0,0,0,0,0,0,0,0,0,0,0,0,0,0
H,15.0,0.9,0.428664,0,0,0,0,0,0,0,0,0,0,1,37,51,84,76,89,62,0,0,0
H,11.0,0.4,0.600394,0,0,0,0,0,0,0,0,0,0,0,0,5,1,119,99,78,41,41,16
S,20.0,0.1,-0.971058,210,9,0,0,0,0,0,0,0,0,0,0,0,0,0,0,0,0,0,0
H,6.0,0.4,0.701746,0,0,0,0,0,0,0,0,0,0,0,0,0,23,28,34,81,106,107,21
H,1.0,0.4,0.396629,0,0,0,0,0,0,0,0,0,0,0,0,53,154,144,49,0,0,0,0
S,9.0,0.7,0.311385,0,0,0,0,0,0,0,0,0,0,0,1,174,64,48,5,0,0,0,0
H,2.0,0.3,0.399572,0,0,0,0,0,0,0,0,0,0,0,2,44,160,132,53,9,0,0,0
S,4.0,0.0,-0.980684,193,0,0,0,0,0,0,0,0,0,0,0,0,0,0,0,0,0,0,0
S,2.0,0.9,0.34392,0,0,0,0,0,0,0,0,0,0,0,3,129,147,55,29,0,0,0,0
H,16.0,0.7,0.295206,0,0,0,0,0,0,0,0,0,2,96,135,50,47,0,0,0,1,33,36
H,8.0,0.6,0.824592,0,0,0,0,0,0,0,0,0,0,0,2,0,7,15,44,35,24,60,213
H,17.0,0.7,0.713639,0,0,0,0,0,0,0,0,0,0,0,0,0,0,0,37,163,121,53,26
S,14.0,0.2,0.285062,0,0,0,0,0,0,0,0,0,0,0,0,81,35,0,0,0,0,0,0
H,4.0,0.8,0.768967,0,0,0,0,0,0,0,0,0,0,0,0,0,1,28,32,27,119,138,55
S,15.0,0.0,-0.968959,180,4,0,0,0,0,0,0,0,0,0,0,0,0,0,0,0,0,0,0
S,12.0,0.2,0.30502,0,0,0,0,0,0,0,0,0,0,0,0,90,54,18,0,0,0,0,0
H,14.0,0.3,0.511343,0,0,0,0,0,0,0,0,0,0,0,0,1,52,124,144,72,7,0,0
H,11.0,0.7,0.52366,0,0,0,0,0,0,0,0,0,0,15,22,25,77,84,27,34,43,53,20
H,19.0,0.5,0.737192,0,0,0,0,0,0,0,0,0,0,0,0,0,3,23,66,96,74,42,96
H,2.0,0.7,0.761334,0,0,0,0,0,0,0,0,0,0,0,0,28,10,14,17,28,48,189,66
H,20.0,1.0,0.317471,0,0,0,0,0,0,0,0,0,4,42,121,71,47,18,12,56,29,0,0
S,12.0,0.9,0.432484,0,0,0,0,0,0,0,0,0,0,0,2,39,126,99,55,31,12,0,0
S,18.0,1.0,0.855459,0,0,0,0,0,0,0,0,0,0,0,0,0,0,0,0,37,47,185,131
S,2.0,0.6,0.342051,0,0,0,0,0,0,0,0,0,0,0,0,49,181,28,0,0,0,0,0
H,5.0,1.0,0.672591,0,0,0,0,0,0,0,0,0,0,0,7,28,11,15,16,124,114,40,45
S,9.0,0.2,0.264853,0,0,0,0,0,0,0,0,0,0,0,4,112,35,0,0,0,0,0,0
S,7.0,0.8,0.346626,0,0,0,0,0,0,0,0,0,0,0,2,74,193,57,3,0,0,0,0
H,13.0,0.8,0.656564,0,0,0,0,0,0,0,0,0,0,0,0,0,10,7,91,174,88,25,5
S,11.0,0.5,0.282111,0,0,0,0,0,0,0,0,0,0,0,2,166,73,6,0,0,0,0,0
H,7.0,0.5,0.580133,0,0,0,0,0,0,0,0,0,0,1,32,59,10,40,69,29,50,79,31
S,12.0,0.0,-0.965851,190,0,0,0,0,0,0,0,0,0,0,0,0,0,0,0,0,0,0,0
S,9.0,0.4,0.34415,0,0,0,0,0,0,0,0,0,0,0,0,39,114,22,0,0,0,0,0
H,11.0,0.9,0.829292,0,0,0,0,0,0,0,0,0,0,0,8,12,17,0,3,15,29,125,191
S,1.0,0.3,0.326546,0,0,0,0,0,0,0,0,0,0,0,0,67,105,28,0,0,0,0,0
S,20.0,0.6,0.269107,0,0,0,0,0,0,0,0,0,0,0,8,186,70,0,0,0,0,0,0
S,7.0,0.5,0.258005,0,0,0,0,0,0,0,0,0,0,0,4,203,30,5,0,0,0,0,0
H,4.0,0.0,-0.486116,0,0,0,5,191,164,35,5,0,0,0,0,0,0,0,0,0,0,0,0
S,8.0,0.1,-0.97241,202,1,0,0,0,0,0,0,0,0,0,0,0,0,0,0,0,0,0,0
S,8.0,0.3,0.272637,0,0,0,0,0,0,0,0,0,0,0,5,116,40,0,0,0,0,0,0
H,14.0,0.7,0.554822,0,0,0,0,0,0,0,0,0,0,0,0,17,26,109,154,31,16,41,6
H,13.0,1.0,0.667774,0,0,0,0,0,0,0,0,0,0,13,9,11,0,18,77,129,42,9,92
S,7.0,0.0,-0.970454,170,0,0,0,0,0,0,0,0,0,0,0,0,0,0,0,0,0,0,0
H,11.0,0.6,0.53589,0,0,0,0,0,0,0,0,0,0,0,1,31,67,66,82,112,3,16,22
S,17.0,0.3,0.251183,0,0,0,0,0,0,0,0,0,0,0,8,151,7,0,0,0,0,0,0
S,11.0,0.7,0.450243,0,0,0,0,0,0,0,0,0,0,0,0,2,45,202,34,3,0,0,0
S,3.0,1.0,0.582983,0,0,0,0,0,0,0,0,0,0,0,0,1,10,70,108,190,16,2,3
S,1.0,1.0,0.830697,0,0,0,0,0,0,0,0,0,0,0,0,0,0,0,0,23,145,121,111
S,18.0,0.5,0.282673,0,0,0,0,0,0,0,0,0,0,0,10,143,90,2,0,0,0,0,0
S,4.0,0.1,-0.965876,207,4,0,0,0,0,0,0,0,0,0,0,0,0,0,0,0,0,0,0
H,3.0,0.9,0.400716,0,0,0,0,0,0,0,0,0,0,35,36,66,54,66,72,51,20,0,0
S,15.0,0.3,0.286033,0,0,0,0,0,0,0,0,0,0,0,3,99,48,2,0,0,0,0,0
H,7.0,0.8,0.566372,0,0,0,0,0,0,0,0,0,0,6,28,62,70,14,44,21,35,29,91
S,13.0,0.8,0.364105,0,0,0,0,0,0,0,0,0,0,0,1,96,115,76,38,0,0,0,0
H,1.0,0.1,-0.485847,0,0,0,8,149,212,31,0,0,0,0,0,0,0,0,0,0,0,0,0
H,10.0,0.2,0.498323,0,0,0,0,0,0,0,0,0,0,0,21,24,96,65,87,58,13,22,14
S,2.0,0.0,-0.972294,191,0,0,0,0,0,0,0,0,0,0,0,0,0,0,0,0,0,0,0
S,14.0,0.1,-0.97332,196,2,0,0,0,0,0,0,0,0,0,0,0,0,0,0,0,0,0,0
H,2.0,0.8,0.217435,0,0,0,0,0,0,0,0,0,3,86,152,65,25,23,45,1,0,0,0
S,1.0,0.6,0.271688,0,0,0,0,0,0,0,0,0,0,0,5,225,44,8,0,0,0,0,0
S,10.0,0.3,0.28634,0,0,0,0,0,0,0,0,0,0,0,9,105,51,18,0,0,0,0,0
S,7.0,0.3,0.292519,0,0,0,0,0,0,0,0,0,0,0,2,98,41,4,0,0,0,0,0
H,19.0,0.3,0.177211,0,0,0,0,0,0,0,0,0,9,65,181,101,39,5,0,0,0,0,0
H,4.0,0.6,0.675692,0,0,0,0,0,0,0,0,0,0,0,28,58,11,0,2,54,73,94,80
S,17.0,0.5,0.273369,0,0,0,0,0,0,0,0,0,0,0,11,152,59,0,0,0,0,0,0
H,7.0,0.1,-0.482353,0,0,0,11,138,222,27,2,0,0,0,0,0,0,0,0,0,0,0,0
S,13.0,0.9,0.472906,0,0,0,0,0,0,0,0,0,0,0,0,30,92,97,73,38,20,7,0
H,17.0,0.9,0.832199,0,0,0,0,0,0,0,0,0,0,0,0,0,0,0,0,23,149,110,118
H,13.0,0.2,0.540136,0,0,0,0,0,0,0,0,0,0,0,19,41,45,57,91,42,49,56,0
S,14.0,1.0,0.785912,0,0,0,0,0,0,0,0,0,0,0,0,0,0,10,86,47,35,73,149
S,3.0,0.3,0.28027,0,0,0,0,0,0,0,0,0,0,0,0,119,58,0,0,0,0,0,0
H,18.0,0.6,0.434105,0,0,0,0,0,0,0,0,0,0,25,60,62,21,15,75,140,2,0,0
S,11.0,0.1,-0.969333,223,0,0,0,0,0,0,0,0,0,0,0,0,0,0,0,0,0,0,0
S,17.0,0.2,0.26256,0,0,0,0,0,0,0,0,0,0,0,5,95,27,0,0,0,0,0,0
S,7.0,0.2,0.280345,0,0,0,0,0,0,0,0,0,0,0,3,108,56,0,0,0,0,0,0
S,9.0,0.8,0.293868,0,0,0,0,0,0,0,0,0,0,0,9,183,106,4,17,0,0,0,0
S,11.0,0.0,-0.973473,189,1,0,0,0,0,0,0,0,0,0,0,0,0,0,0,0,0,0,0
S,14.0,0.8,0.412702,0,0,0,0,0,0,0,0,0,0,0,0,27,118,123,56,1,0,0,0
H,5.0,0.2,0.307048,0,0,0,0,0,0,0,0,0,1,15,75,79,130,99,1,0,0,0,0
H,6.0,0.3,0.706042,0,0,0,0,0,0,0,0,0,0,16,48,8,22,7,3,2,72,74,148
H,9.0,0.6,0.304808,0,0,0,0,0,0,0,0,0,0,0,36,152,173,39,0,0,0,0,0
H,20.0,0.1,-0.488797,0,0,0,6,185,157,52,0,0,0,0,0,0,0,0,0,0,0,0,0
S,17.0,0.7,0.299008,0,0,0,0,0,0,0,0,0,0,0,3,158,118,17,0,0,0,0,0
H,18.0,0.4,0.223735,0,0,0,0,0,0,0,0,0,2,52,88,156,95,7,0,0,0,0,0
S,1.0,0.4,0.285806,0,0,0,0,0,0,0,0,0,0,0,7,96,84,1,0,0,0,0,0
S,20.0,0.2,0.290777,0,0,0,0,0,0,0,0,0,0,0,6,77,74,0,0,0,0,0,0
H,9.0,0.8,0.531014,0,0,0,0,0,0,0,0,0,0,0,0,16,59,96,95,85,35,14,0
S,18.0,0.2,0.246543,0,0,0,0,0,0,0,0,0,0,0,4,112,4,0,0,0,0,0,0
S,11.0,1.0,0.893391,0,0,0,0,0,0,0,0,0,0,0,0,0,0,0,0,0,64,119,217
S,10.0,0.7,0.320221,0,0,0,0,0,0,0,0,0,0,0,3,104,161,25,0,0,0,0,0
H,8.0,0.5,0.913147,0,0,0,0,0,0,0,0,0,0,0,0,0,0,0,0,0,18,144,238
H,2.0,1.0,0.84088,0,0,0,0,0,0,0,0,0,0,0,0,0,2,8,12,23,93,98,164
H,7.0,0.4,0.786101,0,0,0,0,0,0,0,0,0,0,0,0,0,0,0,14,58,148,135,45
S,6.0,0.8,0.349599,0,0,0,0,0,0,0,0,0,0,0,0,92,133,102,0,0,0,0,0
H,14.0,0.4,0.360079,0,0,0,0,0,0,0,0,0,4,52,67,37,86,17,55,66,16,0,0
S,19.0,0.3,0.383943,0,0,0,0,0,0,0,0,0,0,0,0,18,49,52,11,0,0,0,0
S,20.0,0.7,0.300286,0,0,0,0,0,0,0,0,0,0,0,2,159,151,6,0,0,0,0,0
H,18.0,0.0,-0.497456,0,0,0,10,179,205,6,0,0,0,0,0,0,0,0,0,0,0,0,0
H,18.0,1.0,0.674575,0,0,0,0,0,0,0,0,0,0,0,0,2,14,73,44,70,65,125,7
H,4.0,0.1,-0.503384,0,0,0,25,199,152,24,0,0,0,0,0,0,0,0,0,0,0,0,0
H,5.0,0.5,0.297281,0,0,0,0,0,0,0,0,0,0,0,45,188,124,25,18,0,0,0,0
S,19.0,0.0,-0.974092,200,0,0,0,0,0,0,0,0,0,0,0,0,0,0,0,0,0,0,0
S,8.0,0.5,0.347907,0,0,0,0,0,0,0,0,0,0,0,3,44,185,30,0,0,0,0,0
S,1.0,0.9,0.38393,0,0,0,0,0,0,0,0,0,0,0,4,96,102,103,56,6,0,0,0
H,7.0,0.2,0.852178,0,0,0,0,0,0,0,0,0,0,0,0,0,0,0,23,48,49,76,204
S,16.0,0.7,0.317648,0,0,0,0,0,0,0,0,0,0,0,1,126,121,27,11,0,0,0,0
H,6.0,0.7,0.776503,0,0,0,0,0,0,0,0,0,0,0,0,0,0,0,8,89,155,93,55
H,13.0,0.1,-0.517251,0,0,2,42,180,167,9,0,0,0,0,0,0,0,0,0,0,0,0,0
S,6.0,0.1,-0.97697,216,0,0,0,0,0,0,0,0,0,0,0,0,0,0,0,0,0,0,0
H,16.0,0.4,0.33743,0,0,0,0,0,0,0,0,0,0,3,32,128,125,83,23,6,0,0,0
H,2.0,0.2,0.77874,0,0,0,0,0,0,0,0,0,0,0,0,0,0,0,13,93,130,108,56
H,6.0,0.8,0.645762,0,0,0,0,0,0,0,0,0,0,0,21,75,25,4,1,38,92,71,73
H,11.0,0.5,0.697669,0,0,0,0,0,0,0,0,0,0,0,0,0,0,0,25,171,199,5,0
H,19.0,0.8,0.39129,0,0,0,0,0,0,0,0,0,0,27,59,49,98,20,73,64,9,1,0
H,18.0,0.5,0.7018,0,0,0,0,0,0,0,0,0,0,0,0,8,8,21,65,79,96,99,24
H,10.0,0.5,0.47807,0,0,0,0,0,0,0,0,0,0,0,8,12,76,142,96,53,13,0,0
S,15.0,0.6,0.312303,0,0,0,0,0,0,0,0,0,0,0,0,125,125,20,0,0,0,0,0
H,10.0,0.8,0.582136,0,0,0,0,0,0,0,0,0,0,0,0,7,35,61,81,142,73,1,0
S,6.0,0.4,0.278512,0,0,0,0,0,0,0,0,0,0,0,9,138,76,0,0,0,0,0,0
S,15.0,0.8,0.423536,0,0,0,0,0,0,0,0,0,0,0,0,24,76,192,38,1,0,0,0
S,9.0,0.9,0.374758,0,0,0,0,0,0,0,0,0,0,0,0,67,169,102,30,0,0,0,0
H,12.0,1.0,0.762478,0,0,0,0,0,0,0,0,0,0,0,0,0,1,27,44,89,46,85,108
H,4.0,0.9,0.675267,0,0,0,0,0,0,0,0,0,0,0,0,0,0,18,64,194,51,66,7
S,13.0,0.5,0.288913,0,0,0,0,0,0,0,0,0,0,0,2,124,100,0,0,0,0,0,0
H,1.0,0.9,0.583762,0,0,0,0,0,0,0,0,0,0,0,0,8,13,67,158,99,29,12,14
S,7.0,0.9,0.327392,0,0,0,0,0,0,0,0,0,0,0,0,107,237,24,0,0,0,0,0
H,2.0,0.6,0.524384,0,0,0,0,0,0,0,0,0,0,0,8,121,69,10,36,31,19,58,48
H,18.0,0.9,0.881067,0,0,0,0,0,0,0,0,0,0,0,0,0,0,0,0,9,60,131,200
S,10.0,0.0,-0.967087,183,3,0,0,0,0,0,0,0,0,0,0,0,0,0,0,0,0,0,0
H,13.0,0.3,0.548271,0,0,0,0,0,0,0,0,0,0,0,0,0,18,176,116,30,17,34,9
S,12.0,0.4,0.296352,0,0,0,0,0,0,0,0,0,0,0,5,104,105,6,0,0,0,0,0
S,9.0,0.6,0.38952,0,0,0,0,0,0,0,0,0,0,0,0,20,129,74,19,7,0,0,0
H,13.0,0.0,-0.488519,0,0,0,1,158,233,8,0,0,0,0,0,0,0,0,0,0,0,0,0
H,15.0,0.2,0.86761,0,0,0,0,0,0,0,0,0,0,0,0,0,0,0,0,5,96,146,153
S,16.0,0.3,0.290932,0,0,0,0,0,0,0,0,0,0,0,5,100,74,4,0,0,0,0,0
S,16.0,0.5,0.292149,0,0,0,0,0,0,0,0,0,0,0,3,109,90,5,0,0,0,0,0
H,20.0,0.6,0.695835,0,0,0,0,0,0,0,0,0,0,0,0,0,4,6,73,136,113,50,18
H,8.0,0.3,0.494489,0,0,0,0,0,0,0,0,0,0,0,10,51,94,46,47,100,39,13,0
S,20.0,1.0,0.509091,0,0,0,0,0,0,0,0,0,0,0,0,0,38,112,218,26,6,0,0
H,9.0,0.0,-0.500464,0,0,0,13,203,159,25,0,0,0,0,0,0,0,0,0,0,0,0,0
S,3.0,0.0,-0.975195,187,0,0,0,0,0,0,0,0,0,0,0,0,0,0,0,0,0,0,0
H,7.0,0.0,-0.499098,0,0,0,29,155,184,32,0,0,0,0,0,0,0,0,0,0,0,0,0
H,16.0,0.6,0.338683,0,0,0,0,0,0,0,0,0,0,0,55,137,89,43,70,6,0,0,0
H,10.0,1.0,0.801495,0,0,0,0,0,0,0,0,0,0,0,0,0,0,1,27,57,79,159,77
H,3.0,0.6,0.846229,0,0,0,0,0,0,0,0,0,0,0,0,0,0,0,4,15,139,101,141
H,17.0,0.8,0.34507,0,0,0,0,0,0,0,0,0,0,4,29,102,141,90,34,0,0,0,0
H,1.0,0.7,0.463234,0,0,0,0,0,0,0,0,0,0,0,6,49,46,136,129,32,2,0,0
S,2.0,0.2,0.254154,0,0,0,0,0,0,0,0,0,0,0,3,148,12,0,0,0,0,0,0
S,5.0,0.2,0.27332,0,0,0,0,0,0,0,0,0,0,0,0,81,32,0,0,0,0,0,0
S,4.0,0.5,0.273525,0,0,0,0,0,0,0,0,0,0,0,2,197,57,0,0,0,0,0,0
H,10.0,0.1,-0.492339,0,0,0,9,172,195,24,0,0,0,0,0,0,0,0,0,0,0,0,0
H,2.0,0.5,0.903414,0,0,0,0,0,0,0,0,0,0,0,0,0,0,0,6,2,28,127,237
S,17.0,1.0,0.458613,0,0,0,0,0,0,0,0,0,0,0,0,4,109,169,86,32,0,0,0
S,4.0,0.3,0.269778,0,0,0,0,0,0,0,0,0,0,0,5,129,42,0,0,0,0,0,0
S,7.0,0.7,0.301219,0,0,0,0,0,0,0,0,0,0,0,9,141,129,25,0,0,0,0,0
S,16.0,0.6,0.357966,0,0,0,0,0,0,0,0,0,0,0,4,46,124,63,7,0,0,0,0
S,14.0,0.0,-0.978391,187,1,0,0,0,0,0,0,0,0,0,0,0,0,0,0,0,0,0,0
S,11.0,0.2,0.281413,0,0,0,0,0,0,0,0,0,0,0,4,67,37,0,0,0,0,0,0
S,4.0,0.4,0.260583,0,0,0,0,0,0,0,0,0,0,0,4,196,23,0,0,0,0,0,0
S,20.0,0.5,0.321114,0,0,0,0,0,0,0,0,0,0,0,1,77,120,13,0,0,0,0,0
H,11.0,0.3,0.734579,0,0,0,0,0,0,0,0,0,0,0,0,0,15,45,30,64,64,101,81
S,9.0,0.0,-0.976556,193,0,0,0,0,0,0,0,0,0,0,0,0,0,0,0,0,0,0,0
S,6.0,0.0,-0.980983,196,0,0,0,0,0,0,0,0,0,0,0,0,0,0,0,0,0,0,0
S,9.0,0.1,-0.968967,212,2,0,0,0,0,0,0,0,0,0,0,0,0,0,0,0,0,0,0
S,13.0,0.0,-0.978248,194,0,0,0,0,0,0,0,0,0,0,0,0,0,0,0,0,0,0,0
H,14.0,0.2,0.23011,0,0,0,0,0,0,0,0,0,2,147,78,29,32,63,48,1,0,0,0
S,10.0,0.2,0.250457,0,0,0,0,0,0,0,0,0,0,0,4,127,9,0,0,0,0,0,0
H,16.0,0.8,0.604837,0,0,0,0,0,0,0,0,0,0,0,0,0,0,18,182,155,45,0,0
H,20.0,0.5,0.277617,0,0,0,0,0,0,0,0,0,0,27,81,101,128,61,2,0,0,0,0
H,11.0,0.8,0.789318,0,0,0,0,0,0,0,0,0,0,0,0,0,0,0,9,80,109,153,49
H,15.0,0.3,0.339596,0,0,0,0,0,0,0,0,0,0,1,36,128,127,76,32,0,0,0,0
S,9.0,0.5,0.359021,0,0,0,0,0,0,0,0,0,0,0,0,68,76,56,10,0,0,0,0
H,20.0,0.7,0.725301,0,0,0,0,0,0,0,0,0,0,1,13,19,20,4,0,17,165,128,33
H,17.0,0.5,0.679639,0,0,0,0,0,0,0,0,0,0,0,0,11,25,0,25,138,148,51,2
S,5.0,0.7,0.303133,0,0,0,0,0,0,0,0,0,0,0,3,130,140,20,0,0,0,0,0
H,20.0,0.4,0.85911,0,0,0,0,0,0,0,0,0,0,0,0,0,0,0,4,61,52,101,182
H,4.0,0.5,0.808723,0,0,0,0,0,0,0,0,0,0,0,0,0,0,0,3,67,103,150,77
S,1.0,0.7,0.357608,0,0,0,0,0,0,0,0,0,0,0,0,38,163,68,2,0,0,0,0
H,10.0,0.0,-0.47773,0,0,0,7,144,192,57,0,0,0,0,0,0,0,0,0,0,0,0,0
H,12.0,0.4,0.90027,0,0,0,0,0,0,0,0,0,0,0,0,0,0,0,0,0,55,122,223
H,19.0,0.2,-0.497694,0,0,0,37,157,175,31,0,0,0,0,0,0,0,0,0,0,0,0,0
H,17.0,0.4,0.366486,0,0,0,0,0,0,0,0,0,0,20,44,76,57,117,84,2,0,0,0
S,10.0,0.6,0.291243,0,0,0,0,0,0,0,0,0,0,0,15,157,53,17,18,0,0,0,0
H,8.0,0.8,0.575288,0,0,0,0,0,0,0,0,0,0,0,29,63,5,46,62,63,34,56,42
H,12.0,0.2,0.909584,0,0,0,0,0,0,0,0,0,0,0,0,0,0,0,0,0,11,163,226
S,13.0,1.0,0.649266,0,0,0,0,0,0,0,0,0,0,0,0,2,20,101,75,56,42,35,69
S,14.0,0.5,0.288251,0,0,0,0,0,0,0,0,0,0,0,1,124,101,0,0,0,0,0,0
H,12.0,0.5,0.540609,0,0,0,0,0,0,0,0,0,0,0,4,87,79,61,6,55,15,15,78
S,14.0,0.6,0.268073,0,0,0,0,0,0,0,0,0,0,0,7,217,52,0,0,0,0,0,0
H,18.0,0.1,-0.473993,0,0,0,12,124,204,60,0,0,0,0,0,0,0,0,0,0,0,0,0
S,11.0,0.6,0.295025,0,0,0,0,0,0,0,0,0,0,0,1,148,108,4,0,0,0,0,0
S,15.0,0.1,-0.977048,230,3,0,0,0,0,0,0,0,0,0,0,0,0,0,0,0,0,0,0
S,3.0,0.1,-0.96562,190,6,0,0,0,0,0,0,0,0,0,0,0,0,0,0,0,0,0,0
H,9.0,0.1,-0.506047,0,0,1,54,166,138,36,5,0,0,0,0,0,0,0,0,0,0,0,0
S,12.0,0.8,0.338222,0,0,0,0,0,0,0,0,0,0,0,0,57,235,36,1,3,0,0,0
S,3.0,0.7,0.316554,0,0,0,0,0,0,0,0,0,0,0,0,151,125,37,1,0,0,0,0
S,2.0,0.4,0.273459,0,0,0,0,0,0,0,0,0,0,0,1,132,41,0,0,0,0,0,0
H,14.0,0.6,0.753057,0,0,0,0,0,0,0,0,0,0,0,0,0,0,1,49,123,61,83,83
S,13.0,0.7,0.317565,0,0,0,0,0,0,0,0,0,0,0,4,145,115,51,0,0,0,0,0
S,18.0,0.9,0.37695,0,0,0,0,0,0,0,0,0,0,0,2,64,153,107,32,2,0,0,0
H,18.0,0.3,0.197814,0,0,0,0,0,0,0,0,0,0,25,190,163,22,0,0,0,0,0,0
S,5.0,0.9,0.382671,0,0,0,0,0,0,0,0,0,0,0,2,94,96,140,38,0,0,0,0
H,13.0,0.9,0.291267,0,0,0,0,0,0,0,0,0,0,17,124,75,77,75,32,0,0,0,0
S,8.0,0.8,0.461724,0,0,0,0,0,0,0,0,0,0,0,0,20,99,98,70,32,13,3,0
H,15.0,0.5,0.642271,0,0,0,0,0,0,0,0,0,0,1,44,84,36,0,0,0,7,71,157
S,8.0,0.7,0.291294,0,0,0,0,0,0,0,0,0,0,0,2,168,101,11,0,0,0,0,0
H,6.0,0.6,0.920414,0,0,0,0,0,0,0,0,0,0,0,0,0,0,0,0,5,25,97,273
H,15.0,0.7,0.432698,0,0,0,0,0,0,0,0,0,0,0,20,85,117,77,22,22,21,35,1
H,3.0,1.0,0.582486,0,0,0,0,0,0,0,0,0,0,4,63,20,26,48,37,30,58,50,64
H,1.0,0.2,0.306683,0,0,0,0,0,0,0,0,0,8,89,73,30,49,69,22,57,3,0,0
S,19.0,0.9,0.408402,0,0,0,0,0,0,0,0,0,0,0,3,62,93,128,74,2,0,0,0
H,7.0,0.6,0.388448,0,0,0,0,0,0,0,0,0,0,0,16,79,115,126,61,3,0,0,0
S,13.0,0.6,0.282764,0,0,0,0,0,0,0,0,0,0,0,5,146,76,3,0,0,0,0,0
H,5.0,0.1,-0.475332,0,0,0,4,136,208,51,1,0,0,0,0,0,0,0,0,0,0,0,0
S,20.0,0.4,0.31383,0,0,0,0,0,0,0,0,0,0,0,4,92,101,25,0,0,0,0,0
S,19.0,0.1,-0.968286,216,0,0,0,0,0,0,0,0,0,0,0,0,0,0,0,0,0,0,0
H,8.0,0.9,0.690389,0,0,0,0,0,0,0,0,0,0,15,10,36,18,42,38,3,16,60,162
H,20.0,0.9,0.597851,0,0,0,0,0,0,0,0,0,0,0,0,11,43,33,59,172,71,11,0
S,5.0,0.6,0.274094,0,0,0,0,0,0,0,0,0,0,0,5,185,63,1,0,0,0,0,0
H,16.0,0.3,0.706131,0,0,0,0,0,0,0,0,0,0,0,0,0,0,6,80,87,142,79,6
H,14.0,0.9,0.770063,0,0,0,0,0,0,0,0,0,0,0,0,0,0,2,29,109,94,98,68
S,9.0,1.0,0.869311,0,0,0,0,0,0,0,0,0,0,0,0,0,0,0,33,19,61,57,230
S,4.0,0.8,0.337056,0,0,0,0,0,0,0,0,0,0,0,0,109,170,51,4,0,0,0,0
S,15.0,0.5,0.315096,0,0,0,0,0,0,0,0,0,0,0,3,76,143,5,0,0,0,0,0
S,1.0,0.1,-0.96623,193,10,0,0,0,0,0,0,0,0,0,0,0,0,0,0,0,0,0,0
H,17.0,1.0,0.686356,0,0,0,0,0,0,0,0,0,0,0,0,0,1,61,108,58,46,65,61
H,10.0,0.7,0.236535,0,0,0,0,0,0,0,0,0,0,63,107,108,78,39,5,0,0,0,0
S,14.0,0.3,0.257825,0,0,0,0,0,0,0,0,0,0,0,4,131,20,0,0,0,0,0,0
H,3.0,0.2,0.856105,0,0,0,0,0,0,0,0,0,0,0,0,0,0,0,6,32,73,111,178
S,19.0,0.5,0.243447,0,0,0,0,0,0,0,0,0,0,0,18,215,11,0,0,0,0,0,0
H,5.0,0.6,0.54116,0,0,0,0,0,0,0,0,0,0,0,1,51,124,33,37,40,37,25,52
S,6.0,1.0,0.788334,0,0,0,0,0,0,0,0,0,0,0,0,0,0,0,29,128,33,91,119
H,3.0,0.8,0.490545,0,0,0,0,0,0,0,0,0,0,0,0,2,70,128,166,27,7,0,0
S,20.0,0.0,-0.981274,197,0,0,0,0,0,0,0,0,0,0,0,0,0,0,0,0,0,0,0
H,9.0,0.3,0.698868,0,0,0,0,0,0,0,0,0,0,0,0,0,0,22,84,136,36,81,41
H,3.0,0.4,0.752911,0,0,0,0,0,0,0,0,0,0,0,0,0,0,10,57,86,85,75,87
S,12.0,0.7,0.349742,0,0,0,0,0,0,0,0,0,0,0,0,93,125,63,12,0,0,0,0
S,18.0,0.4,0.313632,0,0,0,0,0,0,0,0,0,0,0,2,62,92,9,1,0,0,0,0
H,1.0,0.6,0.791723,0,0,0,0,0,0,0,0,0,0,0,0,0,0,0,66,86,37,52,159
H,3.0,0.3,0.553655,0,0,0,0,0,0,0,0,0,0,11,66,99,17,16,4,0,5,75,107
H,16.0,0.5,0.416644,0,0,0,0,0,0,0,0,0,0,0,0,23,155,152,63,7,0,0,0
S,18.0,0.3,0.253678,0,0,0,0,0,0,0,0,0,0,0,1,108,22,0,0,0,0,0,0
S,20.0,0.9,0.446589,0,0,0,0,0,0,0,0,0,0,0,1,18,101,134,83,21,0,0,0
S,8.0,0.9,0.420625,0,0,0,0,0,0,0,0,0,0,0,0,10,115,212,32,1,0,0,0
S,2.0,0.7,0.373101,0,0,0,0,0,0,0,0,0,0,0,0,73,99,125,9,0,0,0,0
H,17.0,0.6,0.531774,0,0,0,0,0,0,0,0,0,0,2,45,58,92,21,22,30,35,3,92
H,12.0,0.8,0.428159,0,0,0,0,0,0,0,0,0,0,8,6,56,126,73,71,53,7,0,0
S,17.0,0.6,0.346022,0,0,0,0,0,0,0,0,0,0,0,2,51,191,27,0,0,0,0,0
H,19.0,0.4,0.677514,0,0,0,0,0,0,0,0,0,0,0,8,0,6,70,85,20,49,133,29
S,16.0,1.0,0.61833,0,0,0,0,0,0,0,0,0,0,0,0,0,28,73,103,50,96,50,0
S,12.0,0.6,0.335564,0,0,0,0,0,0,0,0,0,0,0,0,119,74,72,3,0,0,0,0
H,1.0,0.5,0.55616,0,0,0,0,0,0,0,0,0,0,0,0,12,79,89,44,62,90,24,0
S,19.0,0.6,0.486732,0,0,0,0,0,0,0,0,0,0,0,0,0,1,156,89,0,0,0,0
H,14.0,1.0,0.463735,0,0,0,0,0,0,0,0,0,0,0,7,32,117,142,30,21,24,24,3
S,10.0,0.4,0.270104,0,0,0,0,0,0,0,0,0,0,0,10,151,52,0,0,0,0,0,0
S,16.0,0.9,0.386006,0,0,0,0,0,0,0,0,0,0,0,1,100,103,64,83,1,0,0,0
H,8.0,0.0,-0.498777,0,0,0,26,158,197,19,0,0,0,0,0,0,0,0,0,0,0,0,0
H,16.0,0.9,0.623104,0,0,0,0,0,0,0,0,0,0,1,24,4,28,53,95,43,57,37,58
H,8.0,1.0,0.563271,0,0,0,0,0,0,0,0,0,0,4,2,25,40,70,56,109,82,12,0
S,15.0,0.7,0.363021,0,0,0,0,0,0,0,0,0,0,0,0,53,147,78,5,0,0,0,0
S,3.0,0.5,0.259784,0,0,0,0,0,0,0,0,0,0,0,10,188,36,7,0,0,0,0,0
S,12.0,0.5,0.291905,0,0,0,0,0,0,0,0,0,0,0,2,131,103,0,0,0,0,0,0
H,8.0,0.1,-0.477138,0,0,0,12,143,193,52,0,0,0,0,0,0,0,0,0,0,0,0,0
S,19.0,0.2,-0.965817,230,3,0,0,0,0,0,0,0,0,0,0,0,0,0,0,0,0,0,0
H,9.0,0.4,0.16503,0,0,0,0,0,0,0,0,0,3,79,179,124,15,0,0,0,0,0,0
S,10.0,0.1,-0.966464,204,1,0,0,0,0,0,0,0,0,0,0,0,0,0,0,0,0,0,0
S,2.0,1.0,0.591485,0,0,0,0,0,0,0,0,0,0,0,0,0,30,44,119,147,59,1,0
H,16.0,1.0,0.691787,0,0,0,0,0,0,0,0,0,0,0,0,0,1,26,126,56,61,105,25
H,1.0,0.8,0.549173,0,0,0,0,0,0,0,0,0,0,0,6,31,68,98,60,36,33,32,36
H,8.0,0.7,0.417309,0,0,0,0,0,0,0,0,0,0,0,1,75,110,98,93,23,0,0,0
H,12.0,0.1,-0.503218,0,0,2,29,196,129,44,0,0,0,0,0,0,0,0,0,0,0,0,0
S,4.0,0.9,0.347777,0,0,0,0,0,0,0,0,0,0,0,2,120,133,93,12,0,0,0,0
S,3.0,0.2,0.278497,0,0,0,0,0,0,0,0,0,0,0,5,100,57,0,0,0,0,0,0
H,4.0,0.3,0.571349,0,0,0,0,0,0,0,0,0,0,0,0,0,23,50,201,74,49,3,0
H,6.0,0.5,0.801219,0,0,0,0,0,0,0,0,0,0,0,0,0,14,16,9,27,80,169,85
S,19.0,0.8,0.362335,0,0,0,0,0,0,0,0,0,0,0,1,96,119,101,15,0,0,0,0
H,1.0,0.0,-0.496966,0,0,0,29,144,212,15,0,0,0,0,0,0,0,0,0,0,0,0,0
H,15.0,0.4,0.808753,0,0,0,0,0,0,0,0,0,0,0,0,0,0,0,8,54,105,159,74
H,18.0,0.7,0.335576,0,0,0,0,0,0,0,0,0,1,84,103,93,12,2,3,20,9,57,16
S,17.0,0.8,0.492176,0,0,0,0,0,0,0,0,0,0,0,0,25,78,63,92,38,37,0,0
H,8.0,0.4,0.534533,0,0,0,0,0,0,0,0,0,0,0,0,37,89,75,62,39,31,61,6
H,14.0,0.5,0.368845,0,0,0,0,0,0,0,0,0,4,39,33,85,162,9,5,5,0,21,37
S,17.0,0.1,-0.976224,225,0,0,0,0,0,0,0,0,0,0,0,0,0,0,0,0,0,0,0
H,7.0,0.9,0.641683,0,0,0,0,0,0,0,0,0,0,0,0,5,18,108,98,14,11,93,53
H,12.0,0.3,0.429805,0,0,0,0,0,0,0,0,0,0,3,47,31,28,141,132,18,0,0,0
S,20.0,0.3,0.332847,0,0,0,0,0,0,0,0,0,0,0,2,45,81,17,0,0,0,0,0
H,7.0,1.0,0.846764,0,0,0,0,0,0,0,0,0,0,0,0,0,0,2,16,69,32,82,199
S,13.0,0.3,0.258948,0,0,0,0,0,0,0,0,0,0,0,8,148,23,0,0,0,0,0,0
H,5.0,0.7,0.407995,0,0,0,0,0,0,0,0,0,0,0,0,51,138,138,73,0,0,0,0
H,20.0,0.3,0.369482,0,0,0,0,0,0,0,0,0,0,0,2,53,207,130,8,0,0,0,0
S,11.0,0.3,0.293599,0,0,0,0,0,0,0,0,0,0,0,3,96,76,11,0,0,0,0,0
H,6.0,0.0,-0.500325,0,0,1,23,180,160,35,1,0,0,0,0,0,0,0,0,0,0,0,0
H,1.0,1.0,0.46764,0,0,0,0,0,0,0,0,0,0,0,12,31,82,98,123,44,8,2,0
H,17.0,0.2,0.372426,0,0,0,0,0,0,0,0,0,0,3,81,89,62,36,90,24,15,0,0
H,9.0,0.7,0.456962,0,0,0,0,0,0,0,0,0,1,21,30,61,3,69,94,118,3,0,0
S,6.0,0.3,0.317587,0,0,0,0,0,0,0,0,0,0,0,3,74,75,30,0,0,0,0,0
H,6.0,0.2,0.690346,0,0,0,0,0,0,0,0,0,0,0,0,0,0,2,80,122,151,38,7
S,5.0,0.1,-0.97082,217,2,0,0,0,0,0,0,0,0,0,0,0,0,0,0,0,0,0,0
S,1.0,0.8,0.337332,0,0,0,0,0,0,0,0,0,0,0,3,112,123,74,4,0,0,0,0
S,18.0,0.6,0.292615,0,0,0,0,0,0,0,0,0,0,0,4,144,112,2,0,0,0,0,0
H,19.0,0.9,0.601314,0,0,0,0,0,0,0,0,0,0,0,72,43,25,10,24,35,34,77,80
H,5.0,0.3,0.787491,0,0,0,0,0,0,0,0,0,0,0,0,0,0,0,0,69,171,104,56
S,13.0,0.4,0.278064,0,0,0,0,0,0,0,0,0,0,0,10,114,67,2,0,0,0,0,0
S,2.0,0.8,0.550039,0,0,0,0,0,0,0,0,0,0,0,1,19,47,44,100,58,19,25,1
H,8.0,0.2,0.838611,0,0,0,0,0,0,0,0,0,0,0,0,0,0,0,0,52,77,132,139
S,1.0,0.2,0.262914,0,0,0,0,0,0,0,0,0,0,0,0,92,15,0,0,0,0,0,0
H,13.0,0.5,0.486376,0,0,0,0,0,0,0,0,0,0,0,12,36,42,79,170,59,2,0,0
H,12.0,0.9,0.801483,0,0,0,0,0,0,0,0,0,0,0,0,0,0,6,43,57,52,131,111
H,18.0,0.8,0.883646,0,0,0,0,0,0,0,0,0,0,0,0,0,0,0,0,7,98,98,197
H,2.0,0.1,-0.488653,0,0,0,25,157,175,42,1,0,0,0,0,0,0,0,0,0,0,0,0
H,2.0,0.9,0.603872,0,0,0,0,0,0,0,0,0,0,0,0,4,82,42,81,41,73,60,17
H,16.0,0.2,0.323876,0,0,0,0,0,0,0,0,0,3,122,74,54,29,30,0,0,8,60,20
H,5.0,0.9,0.617233,0,0,0,0,0,0,0,0,0,0,0,0,2,23,62,75,111,101,26,0
H,15.0,0.0,-0.491312,0,0,0,9,184,167,38,2,0,0,0,0,0,0,0,0,0,0,0,0
S,3.0,0.4,0.301841,0,0,0,0,0,0,0,0,0,0,0,1,121,71,14,0,0,0,0,0
H,9.0,0.5,0.269608,0,0,0,0,0,0,0,0,0,0,67,54,99,103,70,7,0,0,0,0
S,19.0,0.4,0.299328,0,0,0,0,0,0,0,0,0,0,0,1,99,106,0,0,0,0,0,0
S,7.0,0.4,0.300881,0,0,0,0,0,0,0,0,0,0,0,0,107,95,1,0,0,0,0,0
